-- MySQL dump 10.13  Distrib 5.5.60, for debian-linux-gnu (i686)
--
-- Host: localhost    Database: fsdr
-- ------------------------------------------------------
-- Server version	5.5.60-0ubuntu0.14.04.1

/*!40101 SET @OLD_CHARACTER_SET_CLIENT=@@CHARACTER_SET_CLIENT */;
/*!40101 SET @OLD_CHARACTER_SET_RESULTS=@@CHARACTER_SET_RESULTS */;
/*!40101 SET @OLD_COLLATION_CONNECTION=@@COLLATION_CONNECTION */;
/*!40101 SET NAMES utf8 */;
/*!40103 SET @OLD_TIME_ZONE=@@TIME_ZONE */;
/*!40103 SET TIME_ZONE='+00:00' */;
/*!40014 SET @OLD_UNIQUE_CHECKS=@@UNIQUE_CHECKS, UNIQUE_CHECKS=0 */;
/*!40014 SET @OLD_FOREIGN_KEY_CHECKS=@@FOREIGN_KEY_CHECKS, FOREIGN_KEY_CHECKS=0 */;
/*!40101 SET @OLD_SQL_MODE=@@SQL_MODE, SQL_MODE='NO_AUTO_VALUE_ON_ZERO' */;
/*!40111 SET @OLD_SQL_NOTES=@@SQL_NOTES, SQL_NOTES=0 */;

--
-- Table structure for table `EndtoEndBusinessProcess`
--

DROP TABLE IF EXISTS `endtoEndBusinessProcess`;
/*!40101 SET @saved_cs_client     = @@character_set_client */;
/*!40101 SET character_set_client = utf8 */;
CREATE TABLE `endtoEndBusinessProcess` (
  `id` int(11) NOT NULL AUTO_INCREMENT,
  `FIBFActivitiesId` tinytext,
  `dataElementLabelId` int(11) DEFAULT NULL,
  PRIMARY KEY (`id`)
) ENGINE=InnoDB AUTO_INCREMENT=2048 DEFAULT CHARSET=utf8;
/*!40101 SET character_set_client = @saved_cs_client */;

--
-- Dumping data for table `endtoEndBusinessProcess`
--

LOCK TABLES `endtoEndBusinessProcess` WRITE;
/*!40000 ALTER TABLE `endtoEndBusinessProcess` DISABLE KEYS */;
INSERT INTO `endtoEndBusinessProcess` VALUES (1,'FFM.110.010',2),(2,'FFM.110.040',2),(3,'FFM.110.010',3),(4,'FFM.110.040',3),(5,'FFM.010.020',4),(6,'FFM.110.020',5),(7,'FFM.070.010',6),(8,'FFM.070.010',7),(9,'FFM.060.030',8),(10,'FFM.090.020',8),(11,'FFM.090.030',8),(12,'FFM.100.020',8),(13,'FFM.110.010',8),(14,'FFM.110.050',8),(15,'FFM.050.050',9),(16,'FFM.060.030',9),(17,'FFM.060.040',9),(18,'FFM.090.030',9),(19,'FFM.100.020',9),(20,'FFM.060.040',10),(21,'FFM.070.010',10),(22,'FFM.030.030',11),(23,'FFM.030.050',11),(24,'FFM.030.060',11),(25,'FFM.030.070',11),(26,'FFM.030.080',11),(27,'FFM.030.100',11),(28,'FFM.030.110',11),(29,'FFM.030.120',11),(30,'FFM.050.050',11),(31,'FFM.060.040',11),(32,'FFM.110.030',11),(33,'FFM.090.030',12),(34,'FFM.050.030',13),(35,'FFM.050.050',13),(36,'FFM.050.050',14),(37,'FFM.050.060',14),(38,'FFM.060.010',14),(39,'FFM.060.040',14),(40,'FFM.070.010',14),(41,'FFM.070.020',14),(42,'FFM.070.030',14),(43,'FFM.090.020',14),(44,'FFM.100.020',14),(45,'FFM.060.010',15),(46,'FFM.070.020',15),(47,'FFM.070.030',15),(48,'FFM.030.030',16),(49,'FFM.030.040',16),(50,'FFM.030.050',16),(51,'FFM.030.060',16),(52,'FFM.030.070',16),(53,'FFM.030.080',16),(54,'FFM.030.090',16),(55,'FFM.030.100',16),(56,'FFM.030.110',16),(57,'FFM.030.120',16),(58,'FFM.050.050',16),(59,'FFM.060.040',16),(60,'FFM.100.030',16),(61,'FFM.110.010',16),(62,'FFM.110.030',16),(63,'FFM.060.040',17),(64,'FFM.070.010',17),(65,'FFM.070.010',18),(66,'FFM.090.030',18),(67,'FFM.100.030',19),(68,'FFM.030.130',20),(69,'FFM.110.030',20),(70,'FFM.030.130',21),(71,'FFM.110.030',21),(72,'FFM.010.020',22),(73,'FFM.030.020',22),(74,'FFM.030.030',22),(75,'FFM.030.040',22),(76,'FFM.030.050',22),(77,'FFM.030.060',22),(78,'FFM.030.070',22),(79,'FFM.030.080',22),(80,'FFM.030.090',22),(81,'FFM.030.100',22),(82,'FFM.070.010',22),(83,'FFM.090.020',22),(84,'FFM.100.010',22),(85,'FFM.100.020',22),(86,'FFM.110.010',22),(87,'FFM.110.020',22),(88,'FFM.010.020',23),(89,'FFM.090.010',23),(90,'FFM.090.030',23),(91,'FFM.090.040',23),(92,'FFM.100.010',23),(93,'FFM.110.010',23),(94,'FFM.110.020',23),(95,'FFM.110.030',23),(96,'FFM.010.020',24),(97,'FFM.090.010',24),(98,'FFM.090.030',24),(99,'FFM.090.040',24),(100,'FFM.100.010',24),(101,'FFM.110.010',24),(102,'FFM.110.020',24),(103,'FFM.110.030',24),(104,'FFM.010.010',25),(105,'FFM.010.020',25),(106,'FFM.010.030',25),(107,'FFM.090.010',25),(108,'FFM.090.030',25),(109,'FFM.090.040',25),(110,'FFM.100.010',25),(111,'FFM.110.010',25),(112,'FFM.110.020',25),(113,'FFM.110.030',25),(114,'FFM.010.020',26),(115,'FFM.090.020',26),(116,'FFM.100.020',26),(117,'FFM.090.040',27),(118,'FFM.100.020',27),(119,'FFM.030.020',28),(120,'FFM.090.040',28),(121,'FFM.010.020',29),(122,'FFM.100.010',29),(123,'FFM.110.010',29),(124,'FFM.110.020',29),(125,'FFM.010.020',30),(126,'FFM.090.010',30),(127,'FFM.090.020',30),(128,'FFM.090.030',30),(129,'FFM.090.040',30),(130,'FFM.100.010',30),(131,'FFM.100.030',30),(132,'FFM.110.010',30),(133,'FFM.110.020',30),(134,'FFM.110.030',30),(135,'FFM.010.020',31),(136,'FFM.090.010',31),(137,'FFM.090.020',31),(138,'FFM.090.030',31),(139,'FFM.090.040',31),(140,'FFM.100.010',31),(141,'FFM.100.020',31),(142,'FFM.110.010',31),(143,'FFM.110.020',31),(144,'FFM.110.030',31),(145,'FFM.050.010',32),(146,'FFM.050.040',32),(147,'FFM.050.070',32),(148,'FFM.070.010',32),(149,'FFM.070.030',32),(150,'FFM.110.030',32),(151,'FFM.030.130',33),(152,'FFM.110.030',33),(153,'FFM.030.130',34),(154,'FFM.110.030',34),(155,'FFM.030.130',35),(156,'FFM.110.030',35),(157,'FFM.030.130',36),(158,'FFM.110.030',36),(159,'FFM.010.020',37),(160,'FFM.090.010',37),(161,'FFM.090.030',37),(162,'FFM.090.040',37),(163,'FFM.100.010',37),(164,'FFM.110.010',37),(165,'FFM.110.020',37),(166,'FFM.110.030',37),(167,'FFM.010.020',38),(168,'FFM.090.010',38),(169,'FFM.090.020',38),(170,'FFM.090.030',38),(171,'FFM.090.040',38),(172,'FFM.100.010',38),(173,'FFM.100.020',38),(174,'FFM.100.030',38),(175,'FFM.110.010',38),(176,'FFM.110.020',38),(177,'FFM.110.030',38),(178,'FFM.050.030',39),(179,'FFM.050.030',40),(180,'FFM.010.020',41),(181,'FFM.010.020',42),(182,'FFM.010.020',43),(183,'FFM.090.010',43),(184,'FFM.090.030',43),(185,'FFM.090.040',43),(186,'FFM.100.010',43),(187,'FFM.110.010',43),(188,'FFM.110.020',43),(189,'FFM.110.030',43),(190,'FFM.010.020',44),(191,'FFM.100.030',44),(192,'FFM.110.010',44),(193,'FFM.010.020',45),(194,'FFM.100.030',45),(195,'FFM.110.010',45),(196,'FFM.010.020',46),(197,'FFM.040.020',46),(198,'FFM.060.040',46),(199,'FFM.090.010',46),(200,'FFM.090.030',46),(201,'FFM.090.040',46),(202,'FFM.110.030',46),(203,'FFM.010.020',47),(204,'FFM.090.010',47),(205,'FFM.090.020',47),(206,'FFM.090.030',47),(207,'FFM.090.040',47),(208,'FFM.100.010',47),(209,'FFM.100.020',47),(210,'FFM.100.030',47),(211,'FFM.110.010',47),(212,'FFM.110.020',47),(213,'FFM.110.030',47),(214,'FFM.010.020',48),(215,'FFM.090.010',48),(216,'FFM.100.030',48),(217,'FFM.110.010',48),(218,'FFM.110.040',48),(219,'FFM.090.020',49),(220,'FFM.100.010',49),(221,'FFM.100.020',49),(222,'FFM.110.010',49),(223,'FFM.110.020',49),(224,'FFM.100.030',50),(225,'FFM.110.010',50),(226,'FFM.010.020',51),(227,'FFM.060.010',52),(228,'FFM.060.040',52),(229,'FFM.070.010',52),(230,'FFM.090.030',53),(231,'FFM.090.040',53),(232,'FFM.100.010',53),(233,'FFM.100.020',53),(234,'FFM.100.030',53),(235,'FFM.110.010',53),(236,'FFM.110.010',54),(237,'FFM.110.010',55),(238,'FFM.030.030',56),(239,'FFM.030.040',56),(240,'FFM.030.050',56),(241,'FFM.030.060',56),(242,'FFM.030.070',56),(243,'FFM.030.080',56),(244,'FFM.030.090',56),(245,'FFM.030.100',56),(246,'FFM.030.110',56),(247,'FFM.030.120',56),(248,'FFM.060.010',56),(249,'FFM.050.010',57),(250,'FFM.050.050',57),(251,'FFM.050.070',57),(252,'FFM.060.040',57),(253,'FFM.060.050',57),(254,'FFM.070.010',57),(255,'FFM.070.030',57),(256,'FFM.090.030',57),(257,'FFM.100.020',57),(258,'FFM.050.050',58),(259,'FFM.060.040',58),(260,'FFM.030.030',59),(261,'FFM.030.040',59),(262,'FFM.030.050',59),(263,'FFM.030.060',59),(264,'FFM.030.070',59),(265,'FFM.030.080',59),(266,'FFM.030.090',59),(267,'FFM.030.100',59),(268,'FFM.090.030',59),(269,'FFM.100.020',59),(270,'FFM.110.010',59),(271,'FFM.110.030',59),(272,'FFM.070.010',60),(273,'FFM.090.020',61),(274,'FFM.090.040',61),(275,'FFM.100.020',61),(276,'FFM.030.030',62),(277,'FFM.030.040',62),(278,'FFM.030.050',62),(279,'FFM.030.060',62),(280,'FFM.030.070',62),(281,'FFM.030.080',62),(282,'FFM.030.090',62),(283,'FFM.030.100',62),(284,'FFM.030.110',62),(285,'FFM.030.120',62),(286,'FFM.110.030',62),(287,'FFM.030.030',63),(288,'FFM.030.040',63),(289,'FFM.030.050',63),(290,'FFM.030.060',63),(291,'FFM.030.070',63),(292,'FFM.030.080',63),(293,'FFM.030.090',63),(294,'FFM.030.100',63),(295,'FFM.030.110',63),(296,'FFM.030.120',63),(297,'FFM.110.030',63),(298,'FFM.100.010',64),(299,'FFM.030.130',65),(300,'FFM.110.030',65),(301,'FFM.010.020',66),(302,'FFM.050.030',67),(303,'FFM.060.030',67),(304,'FFM.090.030',67),(305,'FFM.030.130',68),(306,'FFM.110.030',68),(307,'FFM.070.010',69),(308,'FFM.070.020',70),(309,'FFM.050.010',71),(310,'FFM.050.040',71),(311,'FFM.050.070',71),(312,'FFM.060.050',71),(313,'FFM.100.010',72),(314,'FFM.100.030',72),(315,'FFM.110.010',72),(316,'FFM.050.010',73),(317,'FFM.050.040',73),(318,'FFM.050.070',73),(319,'FFM.060.050',73),(320,'FFM.060.020',73),(321,'FFM.070.010',73),(322,'FFM.070.030',73),(323,'FFM.060.010',74),(324,'FFM.050.010',75),(325,'FFM.050.040',75),(326,'FFM.050.070',75),(327,'FFM.060.050',75),(328,'FFM.070.010',75),(329,'FFM.070.030',75),(330,'FFM.070.030',76),(331,'FFM.070.030',77),(332,'FFM.070.030',78),(333,'FFM.070.030',79),(334,'FFM.070.030',80),(335,'FFM.070.030',81),(336,'FFM.070.030',82),(337,'FFM.070.030',83),(338,'FFM.070.030',84),(339,'FFM.070.030',85),(340,'FFM.070.030',86),(341,'FFM.070.030',87),(342,'FFM.050.010',88),(343,'FFM.050.040',88),(344,'FFM.050.070',88),(345,'FFM.050.010',89),(346,'FFM.050.040',89),(347,'FFM.050.070',89),(348,'FFM.060.050',89),(349,'FFM.070.010',89),(350,'FFM.070.020',89),(351,'FFM.070.030',89),(352,'FFM.050.010',90),(353,'FFM.050.040',90),(354,'FFM.050.070',90),(355,'FFM.060.050',90),(356,'FFM.070.010',90),(357,'FFM.050.010',91),(358,'FFM.050.040',91),(359,'FFM.050.070',91),(360,'FFM.050.010',92),(361,'FFM.050.040',92),(362,'FFM.050.070',92),(363,'FFM.050.010',93),(364,'FFM.050.040',93),(365,'FFM.050.070',93),(366,'FFM.060.050',93),(367,'FFM.070.010',93),(368,'FFM.050.010',94),(369,'FFM.050.040',94),(370,'FFM.050.070',94),(371,'FFM.060.050',94),(372,'FFM.070.010',94),(373,'FFM.050.010',95),(374,'FFM.050.040',95),(375,'FFM.050.070',95),(376,'FFM.060.050',95),(377,'FFM.070.010',95),(378,'FFM.050.010',96),(379,'FFM.050.040',96),(380,'FFM.050.070',96),(381,'FFM.060.050',96),(382,'FFM.070.010',96),(383,'FFM.110.050',97),(384,'FFM.050.050',98),(385,'FFM.060.020',98),(386,'FFM.060.040',98),(387,'FFM.090.030',98),(388,'FFM.100.020',98),(389,'FFM.110.020',99),(390,'FFM.030.130',100),(391,'FFM.110.030',100),(392,'FFM.070.010',101),(393,'FFM.060.040',102),(394,'FFM.070.010',102),(395,'FFM.010.020',103),(396,'FFM.110.010',104),(397,'FFM.050.020',105),(398,'FFM.080.010',105),(399,'FFM.070.010',106),(400,'FFM.010.020',107),(401,'FFM.060.050',107),(402,'FFM.090.010',107),(403,'FFM.090.030',107),(404,'FFM.090.040',107),(405,'FFM.110.030',107),(406,'FFM.050.010',108),(407,'FFM.050.040',108),(408,'FFM.050.070',108),(409,'FFM.060.050',108),(410,'FFM.070.010',108),(411,'FFM.070.020',108),(412,'FFM.090.030',108),(413,'FFM.070.020',109),(414,'FFM.070.030',109),(415,'FFM.090.030',109),(416,'FFM.090.030',110),(417,'FFM.050.040',111),(418,'FFM.070.020',111),(419,'FFM.090.030',111),(420,'FFM.050.040',112),(421,'FFM.090.030',112),(422,'FFM.050.040',113),(423,'FFM.070.020',113),(424,'FFM.090.030',113),(425,'FFM.050.040',114),(426,'FFM.090.030',114),(427,'FFM.050.040',115),(428,'FFM.070.020',115),(429,'FFM.090.030',115),(430,'FFM.050.040',116),(431,'FFM.090.030',116),(432,'FFM.050.040',117),(433,'FFM.070.020',117),(434,'FFM.050.040',118),(435,'FFM.070.020',118),(436,'FFM.090.030',118),(437,'FFM.050.040',119),(438,'FFM.090.030',119),(439,'FFM.050.040',120),(440,'FFM.070.020',120),(441,'FFM.090.030',120),(442,'FFM.010.020',121),(443,'FFM.090.010',121),(444,'FFM.090.030',121),(445,'FFM.090.040',121),(446,'FFM.100.010',121),(447,'FFM.110.010',121),(448,'FFM.110.020',121),(449,'FFM.110.030',121),(450,'FFM.110.040',121),(451,'FFM.050.010',122),(452,'FFM.050.040',122),(453,'FFM.050.070',122),(454,'FFM.060.050',122),(455,'FFM.070.010',122),(456,'FFM.010.020',123),(457,'FFM.090.010',123),(458,'FFM.090.020',123),(459,'FFM.090.030',123),(460,'FFM.090.040',123),(461,'FFM.100.010',123),(462,'FFM.100.020',123),(463,'FFM.100.030',123),(464,'FFM.110.010',123),(465,'FFM.110.020',123),(466,'FFM.110.030',123),(467,'FFM.060.040',124),(468,'FFM.070.010',125),(469,'FFM.070.030',125),(470,'FFM.110.030',125),(471,'FFM.070.030',126),(472,'FFM.070.030',127),(473,'FFM.070.030',128),(474,'FFM.070.030',129),(475,'FFM.070.030',130),(476,'FFM.070.010',131),(477,'FFM.070.030',131),(478,'FFM.110.030',131),(479,'FFM.070.030',132),(480,'FFM.070.030',133),(481,'FFM.070.030',134),(482,'FFM.070.030',135),(483,'FFM.070.010',136),(484,'FFM.070.020',136),(485,'FFM.070.030',136),(486,'FFM.110.030',136),(487,'FFM.070.030',137),(488,'FFM.070.030',138),(489,'FFM.070.030',139),(490,'FFM.070.020',140),(491,'FFM.070.030',140),(492,'FFM.070.020',141),(493,'FFM.070.030',141),(494,'FFM.070.020',142),(495,'FFM.070.030',142),(496,'FFM.090.030',142),(497,'FFM.100.020',142),(498,'FFM.090.030',143),(499,'FFM.100.020',143),(500,'FFM.070.030',144),(501,'FFM.070.010',145),(502,'FFM.070.030',145),(503,'FFM.110.030',145),(504,'FFM.070.030',146),(505,'FFM.070.030',147),(506,'FFM.050.030',148),(507,'FFM.050.050',148),(508,'FFM.090.030',148),(509,'FFM.050.030',149),(510,'FFM.060.040',149),(511,'FFM.090.030',149),(512,'FFM.050.050',150),(513,'FFM.060.040',150),(514,'FFM.070.010',150),(515,'FFM.070.010',151),(516,'FFM.070.020',152),(517,'FFM.070.030',152),(518,'FFM.070.010',153),(519,'FFM.070.030',154),(520,'FFM.070.030',155),(521,'FFM.070.030',156),(522,'FFM.070.030',157),(523,'FFM.070.030',158),(524,'FFM.070.030',159),(525,'FFM.060.040',160),(526,'FFM.070.010',160),(527,'FFM.060.040',161),(528,'FFM.070.010',161),(529,'FFM.070.030',162),(530,'FFM.070.030',163),(531,'FFM.070.030',164),(532,'FFM.070.030',165),(533,'FFM.050.050',166),(534,'FFM.070.030',166),(535,'FFM.070.030',167),(536,'FFM.070.030',168),(537,'FFM.070.030',169),(538,'FFM.070.030',170),(539,'FFM.070.030',171),(540,'FFM.070.030',172),(541,'FFM.070.030',173),(542,'FFM.070.030',174),(543,'FFM.070.030',175),(544,'FFM.050.010',176),(545,'FFM.050.040',176),(546,'FFM.050.070',176),(547,'FFM.050.050',177),(548,'FFM.070.010',177),(549,'FFM.070.030',177),(550,'FFM.070.010',178),(551,'FFM.070.030',178),(552,'FFM.070.010',179),(553,'FFM.070.030',179),(554,'FFM.070.010',180),(555,'FFM.070.030',180),(556,'FFM.070.010',181),(557,'FFM.070.020',181),(558,'FFM.070.030',181),(559,'FFM.070.010',182),(560,'FFM.070.020',182),(561,'FFM.070.030',182),(562,'FFM.070.010',183),(563,'FFM.070.030',183),(564,'FFM.070.030',184),(565,'FFM.070.030',185),(566,'FFM.070.030',186),(567,'FFM.070.010',187),(568,'FFM.070.020',187),(569,'FFM.070.030',187),(570,'FFM.070.030',188),(571,'FFM.070.010',189),(572,'FFM.070.010',190),(573,'FFM.030.130',191),(574,'FFM.110.030',191),(575,'FFM.070.010',192),(576,'FFM.030.030',193),(577,'FFM.030.040',193),(578,'FFM.030.050',193),(579,'FFM.030.060',193),(580,'FFM.030.070',193),(581,'FFM.030.080',193),(582,'FFM.030.090',193),(583,'FFM.030.100',193),(584,'FFM.030.110',193),(585,'FFM.030.120',193),(586,'FFM.060.020',193),(587,'FFM.110.030',193),(588,'FFM.110.020',194),(589,'FFM.110.050',194),(590,'FFM.010.020',195),(591,'FFM.040.010',195),(592,'FFM.040.020',195),(593,'FFM.050.040',195),(594,'FFM.060.020',195),(595,'FFM.060.040',195),(596,'FFM.070.010',195),(597,'FFM.090.010',195),(598,'FFM.090.030',195),(599,'FFM.090.040',195),(600,'FFM.100.010',195),(601,'FFM.110.010',195),(602,'FFM.110.020',195),(603,'FFM.110.030',195),(604,'FFM.030.130',196),(605,'FFM.110.030',196),(606,'FFM.010.020',197),(607,'FFM.060.010',197),(608,'FFM.090.010',197),(609,'FFM.090.020',197),(610,'FFM.090.030',197),(611,'FFM.090.040',197),(612,'FFM.100.010',197),(613,'FFM.100.020',197),(614,'FFM.110.010',197),(615,'FFM.110.020',197),(616,'FFM.110.030',197),(617,'FFM.110.040',197),(618,'FFM.010.020',198),(619,'FFM.010.020',199),(620,'FFM.060.050',199),(621,'FFM.110.020',199),(622,'FFM.110.020',200),(623,'FFM.010.020',201),(624,'FFM.090.010',201),(625,'FFM.090.040',201),(626,'FFM.100.010',201),(627,'FFM.110.010',201),(628,'FFM.110.020',201),(629,'FFM.110.030',201),(630,'FFM.010.020',202),(631,'FFM.070.010',203),(632,'FFM.010.020',204),(633,'FFM.090.020',204),(634,'FFM.090.040',204),(635,'FFM.100.010',204),(636,'FFM.100.020',204),(637,'FFM.110.010',204),(638,'FFM.110.040',204),(639,'FFM.010.020',205),(640,'FFM.050.050',206),(641,'FFM.060.040',206),(642,'FFM.100.030',206),(643,'FFM.110.010',206),(644,'FFM.050.050',207),(645,'FFM.070.010',207),(646,'FFM.110.010',208),(647,'FFM.110.010',209),(648,'FFM.070.010',210),(649,'FFM.060.050',211),(650,'FFM.100.030',211),(651,'FFM.110.010',211),(652,'FFM.090.030',212),(653,'FFM.090.030',213),(654,'FFM.100.020',213),(655,'FFM.030.130',214),(656,'FFM.030.130',215),(657,'FFM.110.050',216),(658,'FFM.010.020',217),(659,'FFM.040.020',217),(660,'FFM.050.020',217),(661,'FFM.090.010',217),(662,'FFM.090.020',217),(663,'FFM.090.030',217),(664,'FFM.090.040',217),(665,'FFM.100.010',217),(666,'FFM.100.020',217),(667,'FFM.110.010',217),(668,'FFM.110.020',217),(669,'FFM.110.030',217),(670,'FFM.030.030',218),(671,'FFM.030.040',218),(672,'FFM.030.050',218),(673,'FFM.030.060',218),(674,'FFM.030.070',218),(675,'FFM.030.080',218),(676,'FFM.030.090',218),(677,'FFM.030.100',218),(678,'FFM.050.050',218),(679,'FFM.060.040',218),(680,'FFM.110.030',218),(681,'FFM.070.010',219),(682,'FFM.050.050',220),(683,'FFM.070.010',220),(684,'FFM.070.010',221),(685,'FFM.070.010',222),(686,'FFM.070.010',223),(687,'FFM.050.010',224),(688,'FFM.050.040',224),(689,'FFM.050.050',224),(690,'FFM.050.070',224),(691,'FFM.060.040',224),(692,'FFM.060.050',224),(693,'FFM.070.010',225),(694,'FFM.060.030',226),(695,'FFM.050.050',227),(696,'FFM.060.030',227),(697,'FFM.060.040',227),(698,'FFM.110.020',227),(699,'FFM.110.050',227),(700,'FFM.050.050',228),(701,'FFM.070.010',228),(702,'FFM.110.020',229),(703,'FFM.030.030',230),(704,'FFM.030.040',230),(705,'FFM.030.050',230),(706,'FFM.030.060',230),(707,'FFM.030.070',230),(708,'FFM.030.080',230),(709,'FFM.030.090',230),(710,'FFM.030.100',230),(711,'FFM.030.110',230),(712,'FFM.030.120',230),(713,'FFM.050.040',230),(714,'FFM.050.070',230),(715,'FFM.060.040',230),(716,'FFM.070.010',230),(717,'FFM.090.030',230),(718,'FFM.100.020',230),(719,'FFM.110.010',230),(720,'FFM.110.030',230),(721,'FFM.030.030',231),(722,'FFM.030.040',231),(723,'FFM.030.050',231),(724,'FFM.030.060',231),(725,'FFM.030.070',231),(726,'FFM.030.080',231),(727,'FFM.030.090',231),(728,'FFM.030.100',231),(729,'FFM.050.040',231),(730,'FFM.050.070',231),(731,'FFM.070.010',231),(732,'FFM.090.030',231),(733,'FFM.100.020',231),(734,'FFM.050.040',232),(735,'FFM.050.070',232),(736,'FFM.060.040',232),(737,'FFM.060.050',232),(738,'FFM.070.010',232),(739,'FFM.090.030',232),(740,'FFM.100.020',232),(741,'FFM.030.030',233),(742,'FFM.030.040',233),(743,'FFM.030.050',233),(744,'FFM.030.060',233),(745,'FFM.030.070',233),(746,'FFM.030.080',233),(747,'FFM.030.090',233),(748,'FFM.030.100',233),(749,'FFM.030.110',233),(750,'FFM.030.120',233),(751,'FFM.050.030',233),(752,'FFM.050.050',233),(753,'FFM.060.040',233),(754,'FFM.110.030',233),(755,'FFM.030.030',234),(756,'FFM.030.040',234),(757,'FFM.030.050',234),(758,'FFM.030.060',234),(759,'FFM.030.070',234),(760,'FFM.030.080',234),(761,'FFM.030.090',234),(762,'FFM.030.100',234),(763,'FFM.030.110',234),(764,'FFM.030.120',234),(765,'FFM.050.030',234),(766,'FFM.050.050',234),(767,'FFM.060.040',234),(768,'FFM.110.030',234),(769,'FFM.050.030',235),(770,'FFM.050.050',235),(771,'FFM.060.020',235),(772,'FFM.050.030',236),(773,'FFM.050.050',236),(774,'FFM.050.030',237),(775,'FFM.050.050',237),(776,'FFM.030.030',238),(777,'FFM.030.040',238),(778,'FFM.030.050',238),(779,'FFM.030.060',238),(780,'FFM.030.070',238),(781,'FFM.030.080',238),(782,'FFM.030.090',238),(783,'FFM.030.100',238),(784,'FFM.050.030',238),(785,'FFM.050.050',238),(786,'FFM.060.040',238),(787,'FFM.110.030',238),(788,'FFM.040.010',239),(789,'FFM.040.020',239),(790,'FFM.050.010',239),(791,'FFM.050.040',239),(792,'FFM.060.040',239),(793,'FFM.090.030',239),(794,'FFM.100.010',240),(795,'FFM.060.010',241),(796,'FFM.070.010',241),(797,'FFM.110.010',242),(798,'FFM.030.130',243),(799,'FFM.110.030',243),(800,'FFM.070.010',244),(801,'FFM.050.050',245),(802,'FFM.070.010',245),(803,'FFM.060.040',246),(804,'FFM.070.030',246),(805,'FFM.050.050',247),(806,'FFM.070.010',247),(807,'FFM.070.010',248),(808,'FFM.070.030',248),(809,'FFM.070.010',249),(810,'FFM.050.050',250),(811,'FFM.070.010',250),(812,'FFM.030.030',251),(813,'FFM.030.040',251),(814,'FFM.030.050',251),(815,'FFM.030.060',251),(816,'FFM.030.070',251),(817,'FFM.030.080',251),(818,'FFM.030.090',251),(819,'FFM.030.100',251),(820,'FFM.040.010',251),(821,'FFM.040.020',251),(822,'FFM.050.010',251),(823,'FFM.050.040',251),(824,'FFM.050.050',251),(825,'FFM.060.020',251),(826,'FFM.060.030',251),(827,'FFM.060.040',251),(828,'FFM.090.030',251),(829,'FFM.100.020',251),(830,'FFM.110.030',251),(831,'FFM.110.010',251),(832,'FFM.030.130',252),(833,'FFM.110.030',252),(834,'FFM.010.020',253),(835,'FFM.030.130',254),(836,'FFM.110.030',254),(837,'FFM.010.020',255),(838,'FFM.090.010',255),(839,'FFM.090.030',255),(840,'FFM.090.040',255),(841,'FFM.100.010',255),(842,'FFM.110.010',255),(843,'FFM.110.020',255),(844,'FFM.110.030',255),(845,'FFM.070.010',256),(846,'FFM.070.010',257),(847,'FFM.070.010',258),(848,'FFM.070.010',259),(849,'FFM.050.010',260),(850,'FFM.050.010',261),(851,'FFM.030.030',262),(852,'FFM.030.040',262),(853,'FFM.030.050',262),(854,'FFM.030.060',262),(855,'FFM.030.070',262),(856,'FFM.030.080',262),(857,'FFM.030.090',262),(858,'FFM.030.100',262),(859,'FFM.050.010',262),(860,'FFM.050.050',262),(861,'FFM.090.030',262),(862,'FFM.110.030',262),(863,'FFM.050.010',263),(864,'FFM.050.010',264),(865,'FFM.030.030',265),(866,'FFM.030.040',265),(867,'FFM.030.050',265),(868,'FFM.030.060',265),(869,'FFM.030.070',265),(870,'FFM.030.080',265),(871,'FFM.030.090',265),(872,'FFM.030.100',265),(873,'FFM.050.010',265),(874,'FFM.050.060',265),(875,'FFM.090.030',265),(876,'FFM.030.030',266),(877,'FFM.030.040',266),(878,'FFM.030.050',266),(879,'FFM.030.060',266),(880,'FFM.030.070',266),(881,'FFM.030.080',266),(882,'FFM.030.090',266),(883,'FFM.030.100',266),(884,'FFM.050.010',266),(885,'FFM.090.030',266),(886,'FFM.110.030',266),(887,'FFM.100.030',267),(888,'FFM.030.130',268),(889,'FFM.110.030',268),(890,'FFM.070.010',269),(891,'FFM.100.010',269),(892,'FFM.030.030',270),(893,'FFM.030.040',270),(894,'FFM.030.050',270),(895,'FFM.030.060',270),(896,'FFM.030.070',270),(897,'FFM.030.080',270),(898,'FFM.030.090',270),(899,'FFM.030.100',270),(900,'FFM.030.110',270),(901,'FFM.030.120',270),(902,'FFM.040.010',270),(903,'FFM.040.020',270),(904,'FFM.050.010',270),(905,'FFM.050.040',270),(906,'FFM.060.020',270),(907,'FFM.060.030',270),(908,'FFM.060.040',270),(909,'FFM.090.030',270),(910,'FFM.100.020',270),(911,'FFM.110.010',270),(912,'FFM.110.020',270),(913,'FFM.110.030',270),(914,'FFM.110.050',270),(915,'FFM.100.010',271),(916,'FFM.100.010',272),(917,'FFM.040.010',273),(918,'FFM.040.020',273),(919,'FFM.050.010',273),(920,'FFM.050.040',273),(921,'FFM.060.020',273),(922,'FFM.060.040',273),(923,'FFM.070.010',273),(924,'FFM.100.010',273),(925,'FFM.030.130',274),(926,'FFM.100.010',274),(927,'FFM.110.030',274),(928,'FFM.040.010',275),(929,'FFM.040.020',275),(930,'FFM.050.010',275),(931,'FFM.050.040',275),(932,'FFM.060.020',275),(933,'FFM.060.040',275),(934,'FFM.100.010',275),(935,'FFM.040.010',276),(936,'FFM.040.020',276),(937,'FFM.050.010',276),(938,'FFM.050.040',276),(939,'FFM.060.020',276),(940,'FFM.060.040',276),(941,'FFM.110.010',276),(942,'FFM.110.050',276),(943,'FFM.100.030',277),(944,'FFM.070.010',278),(945,'FFM.070.010',279),(946,'FFM.070.010',280),(947,'FFM.060.010',281),(948,'FFM.070.010',281),(949,'FFM.060.010',282),(950,'FFM.070.010',282),(951,'FFM.070.010',283),(952,'FFM.050.010',284),(953,'FFM.050.030',284),(954,'FFM.050.040',284),(955,'FFM.050.050',284),(956,'FFM.050.070',284),(957,'FFM.060.040',284),(958,'FFM.070.010',284),(959,'FFM.070.010',285),(960,'FFM.070.010',286),(961,'FFM.070.010',287),(962,'FFM.030.030',288),(963,'FFM.030.040',288),(964,'FFM.030.050',288),(965,'FFM.030.060',288),(966,'FFM.030.070',288),(967,'FFM.030.080',288),(968,'FFM.030.090',288),(969,'FFM.030.100',288),(970,'FFM.030.110',288),(971,'FFM.030.120',288),(972,'FFM.050.050',288),(973,'FFM.060.040',288),(974,'FFM.110.030',288),(975,'FFM.030.030',289),(976,'FFM.030.040',289),(977,'FFM.030.050',289),(978,'FFM.030.060',289),(979,'FFM.030.070',289),(980,'FFM.030.080',289),(981,'FFM.030.090',289),(982,'FFM.030.100',289),(983,'FFM.030.110',289),(984,'FFM.030.120',289),(985,'FFM.110.030',289),(986,'FFM.030.030',290),(987,'FFM.030.040',290),(988,'FFM.030.050',290),(989,'FFM.030.060',290),(990,'FFM.030.070',290),(991,'FFM.030.080',290),(992,'FFM.030.090',290),(993,'FFM.030.100',290),(994,'FFM.050.050',290),(995,'FFM.060.040',290),(996,'FFM.110.030',290),(997,'FFM.070.010',291),(998,'FFM.070.010',292),(999,'FFM.030.130',293),(1000,'FFM.110.030',293),(1001,'FFM.030.130',294),(1002,'FFM.110.030',294),(1003,'FFM.030.030',295),(1004,'FFM.030.040',295),(1005,'FFM.030.050',295),(1006,'FFM.030.060',295),(1007,'FFM.030.070',295),(1008,'FFM.030.080',295),(1009,'FFM.030.090',295),(1010,'FFM.030.100',295),(1011,'FFM.050.050',295),(1012,'FFM.050.060',295),(1013,'FFM.070.010',295),(1014,'FFM.110.030',295),(1015,'FFM.070.010',296),(1016,'FFM.070.010',297),(1017,'FFM.070.010',298),(1018,'FFM.010.020',299),(1019,'FFM.090.010',299),(1020,'FFM.090.020',299),(1021,'FFM.090.030',299),(1022,'FFM.090.040',299),(1023,'FFM.100.010',299),(1024,'FFM.100.020',299),(1025,'FFM.110.010',299),(1026,'FFM.110.020',299),(1027,'FFM.110.030',299),(1028,'FFM.030.030',300),(1029,'FFM.030.040',300),(1030,'FFM.030.050',300),(1031,'FFM.030.060',300),(1032,'FFM.030.070',300),(1033,'FFM.030.080',300),(1034,'FFM.030.090',300),(1035,'FFM.030.100',300),(1036,'FFM.030.110',300),(1037,'FFM.030.120',300),(1038,'FFM.050.050',300),(1039,'FFM.060.040',300),(1040,'FFM.110.030',300),(1041,'FFM.090.030',301),(1042,'FFM.010.020',302),(1043,'FFM.040.010',302),(1044,'FFM.040.020',302),(1045,'FFM.060.020',302),(1046,'FFM.060.040',302),(1047,'FFM.080.010',302),(1048,'FFM.080.020',302),(1049,'FFM.090.010',302),(1050,'FFM.090.030',302),(1051,'FFM.090.040',302),(1052,'FFM.100.010',302),(1053,'FFM.110.010',302),(1054,'FFM.110.020',302),(1055,'FFM.110.030',302),(1056,'FFM.010.020',303),(1057,'FFM.090.010',303),(1058,'FFM.090.020',303),(1059,'FFM.090.030',303),(1060,'FFM.090.040',303),(1061,'FFM.110.010',303),(1062,'FFM.110.030',303),(1063,'FFM.110.040',303),(1064,'FFM.110.020',304),(1065,'FFM.110.050',304),(1066,'FFM.090.030',305),(1067,'FFM.090.030',306),(1068,'FFM.050.050',307),(1069,'FFM.050.070',307),(1070,'FFM.060.040',307),(1071,'FFM.060.050',307),(1072,'FFM.030.130',308),(1073,'FFM.100.010',308),(1074,'FFM.110.010',308),(1075,'FFM.110.020',308),(1076,'FFM.110.030',308),(1077,'FFM.030.130',309),(1078,'FFM.110.010',309),(1079,'FFM.110.030',309),(1080,'FFM.030.130',310),(1081,'FFM.110.020',310),(1082,'FFM.110.030',310),(1083,'FFM.050.010',311),(1084,'FFM.050.040',311),(1085,'FFM.050.070',311),(1086,'FFM.060.050',311),(1087,'FFM.070.010',311),(1088,'FFM.090.030',311),(1089,'FFM.100.020',311),(1090,'FFM.040.010',312),(1091,'FFM.040.020',312),(1092,'FFM.050.010',312),(1093,'FFM.050.040',312),(1094,'FFM.060.020',312),(1095,'FFM.060.040',312),(1096,'FFM.060.050',312),(1097,'FFM.070.010',312),(1098,'FFM.050.010',313),(1099,'FFM.050.040',313),(1100,'FFM.050.070',313),(1101,'FFM.060.050',313),(1102,'FFM.070.010',313),(1103,'FFM.050.010',314),(1104,'FFM.050.040',314),(1105,'FFM.050.070',314),(1106,'FFM.060.050',314),(1107,'FFM.070.010',314),(1108,'FFM.050.010',315),(1109,'FFM.050.040',315),(1110,'FFM.050.070',315),(1111,'FFM.060.050',315),(1112,'FFM.070.010',315),(1113,'FFM.050.010',316),(1114,'FFM.050.040',316),(1115,'FFM.050.070',316),(1116,'FFM.060.050',316),(1117,'FFM.070.010',316),(1118,'FFM.100.030',316),(1119,'FFM.110.010',316),(1120,'FFM.050.010',317),(1121,'FFM.050.040',317),(1122,'FFM.050.070',317),(1123,'FFM.060.050',317),(1124,'FFM.070.010',317),(1125,'FFM.070.020',317),(1126,'FFM.050.010',318),(1127,'FFM.050.040',318),(1128,'FFM.050.070',318),(1129,'FFM.060.050',318),(1130,'FFM.070.010',318),(1131,'FFM.100.030',318),(1132,'FFM.110.010',318),(1133,'FFM.050.010',319),(1134,'FFM.050.040',319),(1135,'FFM.050.070',319),(1136,'FFM.060.040',319),(1137,'FFM.060.050',319),(1138,'FFM.070.010',319),(1139,'FFM.050.010',320),(1140,'FFM.050.030',320),(1141,'FFM.050.040',320),(1142,'FFM.050.070',320),(1143,'FFM.060.050',320),(1144,'FFM.070.010',320),(1145,'FFM.050.030',321),(1146,'FFM.090.030',321),(1147,'FFM.050.010',322),(1148,'FFM.050.040',322),(1149,'FFM.050.070',322),(1150,'FFM.060.040',322),(1151,'FFM.060.050',322),(1152,'FFM.070.010',322),(1153,'FFM.090.030',322),(1154,'FFM.100.020',322),(1155,'FFM.100.030',322),(1156,'FFM.050.050',323),(1157,'FFM.060.040',323),(1158,'FFM.090.030',323),(1159,'FFM.050.010',324),(1160,'FFM.050.040',324),(1161,'FFM.050.070',324),(1162,'FFM.070.010',324),(1163,'FFM.070.020',324),(1164,'FFM.090.030',324),(1165,'FFM.100.020',324),(1166,'FFM.050.010',325),(1167,'FFM.050.040',325),(1168,'FFM.050.070',325),(1169,'FFM.070.010',325),(1170,'FFM.070.020',325),(1171,'FFM.090.030',325),(1172,'FFM.050.040',326),(1173,'FFM.060.040',326),(1174,'FFM.090.030',326),(1175,'FFM.050.040',327),(1176,'FFM.060.040',327),(1177,'FFM.090.030',327),(1178,'FFM.100.020',327),(1179,'FFM.050.010',328),(1180,'FFM.050.040',328),(1181,'FFM.050.070',328),(1182,'FFM.060.050',328),(1183,'FFM.070.010',328),(1184,'FFM.110.040',328),(1185,'FFM.050.010',329),(1186,'FFM.050.040',329),(1187,'FFM.050.070',329),(1188,'FFM.060.050',329),(1189,'FFM.070.010',329),(1190,'FFM.110.040',329),(1191,'FFM.050.010',330),(1192,'FFM.050.040',330),(1193,'FFM.050.050',330),(1194,'FFM.050.070',330),(1195,'FFM.060.040',330),(1196,'FFM.060.050',330),(1197,'FFM.070.010',330),(1198,'FFM.110.040',330),(1199,'FFM.030.030',331),(1200,'FFM.030.040',331),(1201,'FFM.030.050',331),(1202,'FFM.030.060',331),(1203,'FFM.030.070',331),(1204,'FFM.030.080',331),(1205,'FFM.030.090',331),(1206,'FFM.030.100',331),(1207,'FFM.050.030',331),(1208,'FFM.050.050',331),(1209,'FFM.060.020',331),(1210,'FFM.060.040',331),(1211,'FFM.110.030',331),(1212,'FFM.070.010',332),(1213,'FFM.070.010',333),(1214,'FFM.010.020',334),(1215,'FFM.030.030',334),(1216,'FFM.030.040',334),(1217,'FFM.030.050',334),(1218,'FFM.030.060',334),(1219,'FFM.030.070',334),(1220,'FFM.030.080',334),(1221,'FFM.030.090',334),(1222,'FFM.030.100',334),(1223,'FFM.040.010',334),(1224,'FFM.040.020',334),(1225,'FFM.050.010',334),(1226,'FFM.050.040',334),(1227,'FFM.060.020',334),(1228,'FFM.060.040',334),(1229,'FFM.090.010',334),(1230,'FFM.090.030',334),(1231,'FFM.090.040',334),(1232,'FFM.100.010',334),(1233,'FFM.110.010',334),(1234,'FFM.110.020',334),(1235,'FFM.110.030',334),(1236,'FFM.060.010',335),(1237,'FFM.030.130',336),(1238,'FFM.110.030',336),(1239,'FFM.070.010',337),(1240,'FFM.050.070',338),(1241,'FFM.060.050',338),(1242,'FFM.070.020',338),(1243,'FFM.050.070',339),(1244,'FFM.110.040',340),(1245,'FFM.110.040',341),(1246,'FFM.050.010',342),(1247,'FFM.050.040',342),(1248,'FFM.050.070',342),(1249,'FFM.060.050',342),(1250,'FFM.070.030',342),(1251,'FFM.060.050',343),(1252,'FFM.070.030',343),(1253,'FFM.110.010',343),(1254,'FFM.110.040',343),(1255,'FFM.010.020',344),(1256,'FFM.040.020',344),(1257,'FFM.060.040',344),(1258,'FFM.070.030',344),(1259,'FFM.090.020',344),(1260,'FFM.090.030',344),(1261,'FFM.090.040',344),(1262,'FFM.100.010',344),(1263,'FFM.100.020',344),(1264,'FFM.110.010',344),(1265,'FFM.110.020',344),(1266,'FFM.110.030',344),(1267,'FFM.040.020',345),(1268,'FFM.060.040',345),(1269,'FFM.070.030',345),(1270,'FFM.090.030',345),(1271,'FFM.110.010',345),(1272,'FFM.110.040',345),(1273,'FFM.050.060',346),(1274,'FFM.110.010',346),(1275,'FFM.110.040',346),(1276,'FFM.040.020',347),(1277,'FFM.060.040',347),(1278,'FFM.070.030',347),(1279,'FFM.050.050',348),(1280,'FFM.100.010',348),(1281,'FFM.100.030',348),(1282,'FFM.060.050',349),(1283,'FFM.010.020',350),(1284,'FFM.040.020',350),(1285,'FFM.060.020',350),(1286,'FFM.060.040',350),(1287,'FFM.090.010',350),(1288,'FFM.090.030',350),(1289,'FFM.090.040',350),(1290,'FFM.110.010',350),(1291,'FFM.110.030',350),(1292,'FFM.070.010',351),(1293,'FFM.090.030',351),(1294,'FFM.070.010',352),(1295,'FFM.090.020',353),(1296,'FFM.100.020',353),(1297,'FFM.030.030',354),(1298,'FFM.030.040',354),(1299,'FFM.030.050',354),(1300,'FFM.030.060',354),(1301,'FFM.030.070',354),(1302,'FFM.030.080',354),(1303,'FFM.030.090',354),(1304,'FFM.030.100',354),(1305,'FFM.050.030',355),(1306,'FFM.050.050',355),(1307,'FFM.060.020',355),(1308,'FFM.050.030',356),(1309,'FFM.050.050',356),(1310,'FFM.060.020',356),(1311,'FFM.070.010',357),(1312,'FFM.030.130',358),(1313,'FFM.110.030',358),(1314,'FFM.050.060',359),(1315,'FFM.060.040',359),(1316,'FFM.030.030',360),(1317,'FFM.030.040',360),(1318,'FFM.030.050',360),(1319,'FFM.030.060',360),(1320,'FFM.030.070',360),(1321,'FFM.030.080',360),(1322,'FFM.030.090',360),(1323,'FFM.030.100',360),(1324,'FFM.030.110',360),(1325,'FFM.030.120',360),(1326,'FFM.110.030',360),(1327,'FFM.070.010',361),(1328,'FFM.070.010',362),(1329,'FFM.100.010',363),(1330,'FFM.100.020',363),(1331,'FFM.110.010',363),(1332,'FFM.090.040',364),(1333,'FFM.050.010',365),(1334,'FFM.050.040',365),(1335,'FFM.050.050',365),(1336,'FFM.050.070',365),(1337,'FFM.060.040',365),(1338,'FFM.060.050',365),(1339,'FFM.070.010',366),(1340,'FFM.110.030',366),(1341,'FFM.070.030',367),(1342,'FFM.110.030',367),(1343,'FFM.110.030',368),(1344,'FFM.050.050',369),(1345,'FFM.050.060',369),(1346,'FFM.050.070',370),(1347,'FFM.060.050',370),(1348,'FFM.050.070',371),(1349,'FFM.060.050',371),(1350,'FFM.040.020',372),(1351,'FFM.060.040',372),(1352,'FFM.070.030',372),(1353,'FFM.090.030',372),(1354,'FFM.030.130',373),(1355,'FFM.110.030',373),(1356,'FFM.050.050',374),(1357,'FFM.060.040',374),(1358,'FFM.100.030',374),(1359,'FFM.050.070',375),(1360,'FFM.060.050',375),(1361,'FFM.010.020',376),(1362,'FFM.010.020',377),(1363,'FFM.090.010',377),(1364,'FFM.090.040',377),(1365,'FFM.100.010',377),(1366,'FFM.100.030',377),(1367,'FFM.110.010',377),(1368,'FFM.110.020',377),(1369,'FFM.110.030',377),(1370,'FFM.010.020',378),(1371,'FFM.090.010',378),(1372,'FFM.090.040',378),(1373,'FFM.100.010',378),(1374,'FFM.110.010',378),(1375,'FFM.110.020',378),(1376,'FFM.110.030',378),(1377,'FFM.050.030',379),(1378,'FFM.050.050',379),(1379,'FFM.040.010',380),(1380,'FFM.040.020',380),(1381,'FFM.050.010',380),(1382,'FFM.050.040',380),(1383,'FFM.060.020',380),(1384,'FFM.060.040',380),(1385,'FFM.070.010',380),(1386,'FFM.090.030',380),(1387,'FFM.030.030',381),(1388,'FFM.030.040',381),(1389,'FFM.030.050',381),(1390,'FFM.030.060',381),(1391,'FFM.030.070',381),(1392,'FFM.030.080',381),(1393,'FFM.030.090',381),(1394,'FFM.030.100',381),(1395,'FFM.030.110',381),(1396,'FFM.030.120',381),(1397,'FFM.050.050',381),(1398,'FFM.060.040',381),(1399,'FFM.070.010',381),(1400,'FFM.110.030',381),(1401,'FFM.060.010',382),(1402,'FFM.070.010',383),(1403,'FFM.030.020',384),(1404,'FFM.030.030',384),(1405,'FFM.030.040',384),(1406,'FFM.030.050',384),(1407,'FFM.030.060',384),(1408,'FFM.030.070',384),(1409,'FFM.030.080',384),(1410,'FFM.030.090',384),(1411,'FFM.030.100',384),(1412,'FFM.040.020',385),(1413,'FFM.060.040',385),(1414,'FFM.090.030',385),(1415,'FFM.040.020',386),(1416,'FFM.060.040',386),(1417,'FFM.090.030',386),(1418,'FFM.050.020',387),(1419,'FFM.080.020',387),(1420,'FFM.080.030',387),(1421,'FFM.080.020',388),(1422,'FFM.080.030',388),(1423,'FFM.070.010',389),(1424,'FFM.050.040',390),(1425,'FFM.090.030',390),(1426,'FFM.050.020',391),(1427,'FFM.080.020',391),(1428,'FFM.080.030',391),(1429,'FFM.010.020',392),(1430,'FFM.050.050',392),(1431,'FFM.050.070',392),(1432,'FFM.060.040',392),(1433,'FFM.060.050',392),(1434,'FFM.090.010',392),(1435,'FFM.090.030',392),(1436,'FFM.090.040',392),(1437,'FFM.100.010',392),(1438,'FFM.110.010',392),(1439,'FFM.110.020',392),(1440,'FFM.110.030',392),(1441,'FFM.110.040',392),(1442,'FFM.010.020',393),(1443,'FFM.060.050',393),(1444,'FFM.090.010',393),(1445,'FFM.090.020',393),(1446,'FFM.090.030',393),(1447,'FFM.090.040',393),(1448,'FFM.100.010',393),(1449,'FFM.100.020',393),(1450,'FFM.110.010',393),(1451,'FFM.110.020',393),(1452,'FFM.110.030',393),(1453,'FFM.030.030',394),(1454,'FFM.030.040',394),(1455,'FFM.030.050',394),(1456,'FFM.030.060',394),(1457,'FFM.030.070',394),(1458,'FFM.030.080',394),(1459,'FFM.030.090',394),(1460,'FFM.030.100',394),(1461,'FFM.030.110',394),(1462,'FFM.030.120',394),(1463,'FFM.040.010',394),(1464,'FFM.040.020',394),(1465,'FFM.050.010',394),(1466,'FFM.050.040',394),(1467,'FFM.050.050',394),(1468,'FFM.050.070',394),(1469,'FFM.060.020',394),(1470,'FFM.060.040',394),(1471,'FFM.070.010',394),(1472,'FFM.090.030',394),(1473,'FFM.100.020',394),(1474,'FFM.100.010',394),(1475,'FFM.110.010',394),(1476,'FFM.110.030',394),(1477,'FFM.050.070',395),(1478,'FFM.060.050',395),(1479,'FFM.100.020',396),(1480,'FFM.030.020',397),(1481,'FFM.030.030',397),(1482,'FFM.030.040',397),(1483,'FFM.030.050',397),(1484,'FFM.030.060',397),(1485,'FFM.030.070',397),(1486,'FFM.030.080',397),(1487,'FFM.030.090',397),(1488,'FFM.030.100',397),(1489,'FFM.090.020',397),(1490,'FFM.100.020',397),(1491,'FFM.110.010',397),(1492,'FFM.050.050',398),(1493,'FFM.080.020',399),(1494,'FFM.070.010',400),(1495,'FFM.010.020',401),(1496,'FFM.030.020',401),(1497,'FFM.030.030',401),(1498,'FFM.030.040',401),(1499,'FFM.030.050',401),(1500,'FFM.030.060',401),(1501,'FFM.030.070',401),(1502,'FFM.030.080',401),(1503,'FFM.030.090',401),(1504,'FFM.030.100',401),(1505,'FFM.050.010',401),(1506,'FFM.050.020',401),(1507,'FFM.050.050',401),(1508,'FFM.060.020',401),(1509,'FFM.060.040',401),(1510,'FFM.070.010',401),(1511,'FFM.080.010',401),(1512,'FFM.080.020',401),(1513,'FFM.080.030',401),(1514,'FFM.090.010',401),(1515,'FFM.090.020',401),(1516,'FFM.090.030',401),(1517,'FFM.090.040',401),(1518,'FFM.100.010',401),(1519,'FFM.100.020',401),(1520,'FFM.100.030',401),(1521,'FFM.110.010',401),(1522,'FFM.110.020',401),(1523,'FFM.110.030',401),(1524,'FFM.030.030',402),(1525,'FFM.030.040',402),(1526,'FFM.030.050',402),(1527,'FFM.030.060',402),(1528,'FFM.030.070',402),(1529,'FFM.030.080',402),(1530,'FFM.030.090',402),(1531,'FFM.030.100',402),(1532,'FFM.050.070',403),(1533,'FFM.060.050',403),(1534,'FFM.050.070',404),(1535,'FFM.060.050',404),(1536,'FFM.050.070',405),(1537,'FFM.060.050',405),(1538,'FFM.030.130',406),(1539,'FFM.110.030',406),(1540,'FFM.030.130',407),(1541,'FFM.110.030',407),(1542,'FFM.070.010',408),(1543,'FFM.010.020',409),(1544,'FFM.090.010',409),(1545,'FFM.090.020',409),(1546,'FFM.090.030',409),(1547,'FFM.090.040',409),(1548,'FFM.100.010',409),(1549,'FFM.100.020',409),(1550,'FFM.110.010',409),(1551,'FFM.110.020',409),(1552,'FFM.110.030',409);
/*!40000 ALTER TABLE `endtoEndBusinessProcess` ENABLE KEYS */;
UNLOCK TABLES;

--
-- Table structure for table `businessCapabilityReference`
--

DROP TABLE IF EXISTS `businessCapabilityReference`;
/*!40101 SET @saved_cs_client     = @@character_set_client */;
/*!40101 SET character_set_client = utf8 */;
CREATE TABLE `businessCapabilityReference` (
  `id` int(11) NOT NULL AUTO_INCREMENT,
  `BCRRequirementId` tinytext,
  `dataElementLabelId` int(11) DEFAULT NULL,
  PRIMARY KEY (`id`)
) ENGINE=InnoDB AUTO_INCREMENT=2048 DEFAULT CHARSET=utf8;
/*!40101 SET character_set_client = @saved_cs_client */;

--
-- Dumping data for table `businessCapabilityReference`
--

LOCK TABLES `businessCapabilityReference` WRITE;
/*!40000 ALTER TABLE `businessCapabilityReference` DISABLE KEYS */;
INSERT INTO `businessCapabilityReference` VALUES (1,'FFMSR 2.3.2.1',2),(2,'FFMSR 2.3.2.2',2),(3,'FFMSR 2.3.2.1',3),(4,'FFMSR 2.3.2.2',3),(5,'FFMSR 2.1.1.3',4),(6,'FFMSR 1.3.1.2',5),(7,'FFMSR 2.3.2.2',5),(8,'FFMSR 2.2.4.1',6),(9,'FFMSR 2.2.4.1',7),(10,'FFMSR 1.1.2.1',8),(11,'FFMSR 1.1.4.1',8),(12,'FFMSR 1.1.5.4',8),(13,'FFMSR 2.2.4.3',8),(14,'FFMSR 2.3.2.1',8),(15,'FFMSR 1.1.4.1',9),(16,'FFMSR 1.1.5.5',9),(17,'FFMSR 2.2.4.1',9),(18,'FFMSR 2.2.5.1',9),(19,'FFMSR 2.2.6.2',9),(20,'FFMSR 1.1.5.1',10),(21,'FFMSR 2.2.5.1',10),(22,'FFMSR 2.2.2.1',11),(23,'FFMSR 2.2.2.3',11),(24,'FFMSR 2.2.2.4',11),(25,'FFMSR 2.2.2.5',11),(26,'FFMSR 2.2.5.5',11),(27,'FFMSR 1.1.5.4',12),(28,'FFMSR 1.1.5.1',13),(29,'FFMSR 2.2.5.1 ',13),(30,'FFMSR 1.1.2.1',14),(31,'FFMSR 2.2.4.1',14),(32,'FFMSR 2.2.5.1',14),(33,'FFMSR 2.2.5.7',14),(34,'FFMSR 2.2.6.2',14),(35,'FFMSR 2.2.4.1',15),(36,'FFMSR 2.2.6.2',15),(37,'FFMSR 1.3.1.2',16),(38,'FFMSR 2.2.2.1',16),(39,'FFMSR 2.2.2.3',16),(40,'FFMSR 2.2.5.5',16),(41,'FFMSR 2.3.1.1',16),(42,'FFMSR 2.2.5.7',17),(43,'FFMSR 1.1.5.5',18),(44,'FFMSR 2.2.5.7',18),(45,'FFMSR 2.3.1.3',19),(46,'FFMSR 2.2.3.1',20),(47,'FFMSR 2.2.3.2',20),(48,'FFMSR 2.2.3.1',21),(49,'FFMSR 2.2.3.2',21),(50,'FFMSR 1.1.2.1',22),(51,'FFMSR 1.1.5.1',22),(52,'FFMSR 1.3.1.2',22),(53,'FFMSR 2.1.2.3',22),(54,'FFMSR 2.2.1.2',22),(55,'FFMSR 2.3.2.1',22),(56,'FFMSR 1.1.1.1',23),(57,'FFMSR 1.1.2.1',23),(58,'FFMSR 1.1.5.4',23),(59,'FFMSR 1.3.1.2',23),(60,'FFMSR 2.1.2.3',23),(61,'FFMSR 2.2.2.6',23),(62,'FFMSR 2.3.2.1',23),(63,'FFMSR 1.1.1.3',24),(64,'FFMSR 1.1.2.1',24),(65,'FFMSR 1.1.5.4',24),(66,'FFMSR 1.3.1.2',24),(67,'FFMSR 2.1.2.3',24),(68,'FFMSR 2.2.2.6',24),(69,'FFMSR 2.3.2.1',24),(70,'FFMSR 1.1.1.3',25),(71,'FFMSR 1.1.2.1',25),(72,'FFMSR 1.1.5.4',25),(73,'FFMSR 1.3.1.2',25),(74,'FFMSR 2.1.1.1',25),(75,'FFMSR 2.1.2.3',25),(76,'FFMSR 2.1.3.1',25),(77,'FFMSR 2.2.2.6',25),(78,'FFMSR 2.3.2.1',25),(79,'FFMSR 1.1.2.1',26),(80,'FFMSR 2.1.1.3',26),(81,'FFMSR 1.1.2.1',27),(82,'FFMSR 1.1.2.1',28),(83,'FFMSR 2.2.1.4',28),(84,'FFMSR 1.3.1.2',29),(85,'FFMSR 2.1.1.3',29),(86,'FFMSR 2.1.2.3',29),(87,'FFMSR 2.3.2.1',29),(88,'FFMSR 1.1.1.3',30),(89,'FFMSR 1.1.2.1',30),(90,'FFMSR 1.1.5.4',30),(91,'FFMSR 1.3.1.1',30),(92,'FFMSR 1.3.1.2',30),(93,'FFMSR 2.1.2.3',30),(94,'FFMSR 2.2.2.6',30),(95,'FFMSR 2.3.1.1',30),(96,'FFMSR 2.3.2.1',30),(97,'FFMSR 1.1.1.3',31),(98,'FFMSR 1.1.2.1',31),(99,'FFMSR 1.1.5.4',31),(100,'FFMSR 1.3.1.2',31),(101,'FFMSR 2.1.2.3',31),(102,'FFMSR 2.2.2.6',31),(103,'FFMSR 2.3.2.1',31),(104,'FFMSR 2.2.4.1',32),(105,'FFMSR 2.2.4.3',32),(106,'FFMSR 2.2.5.5',32),(107,'FFMSR 2.2.6.1',32),(108,'FFMSR 2.2.6.2',32),(109,'FFMSR 2.2.3.1',33),(110,'FFMSR 2.2.3.2',33),(111,'FFMSR 2.2.3.1',34),(112,'FFMSR 2.2.3.2',34),(113,'FFMSR 2.2.3.1',35),(114,'FFMSR 2.2.3.2',35),(115,'FFMSR 2.2.3.1',36),(116,'FFMSR 2.2.3.2',36),(117,'FFMSR 1.1.1.3',37),(118,'FFMSR 1.1.2.1',37),(119,'FFMSR 1.1.5.4',37),(120,'FFMSR 1.3.1.2',37),(121,'FFMSR 2.1.1.3',37),(122,'FFMSR 2.1.2.3',37),(123,'FFMSR 2.2.2.6',37),(124,'FFMSR 2.3.2.1',37),(125,'FFMSR 1.1.1.2',38),(126,'FFMSR 1.1.1.3',38),(127,'FFMSR 1.1.2.1',38),(128,'FFMSR 1.1.5.4',38),(129,'FFMSR 1.3.1.1',38),(130,'FFMSR 1.3.1.2',38),(131,'FFMSR 2.1.2.3',38),(132,'FFMSR 2.2.2.6',38),(133,'FFMSR 2.3.1.1',38),(134,'FFMSR 2.3.2.1',38),(135,'FFMSR 1.1.5.1',39),(136,'FFMSR 1.1.5.1',40),(137,'FFMSR 2.1.1.3',41),(138,'FFMSR 2.1.1.3',42),(139,'FFMSR 1.1.1.3',43),(140,'FFMSR 1.1.2.1',43),(141,'FFMSR 1.1.5.4',43),(142,'FFMSR 1.3.1.2',43),(143,'FFMSR 2.1.2.3',43),(144,'FFMSR 2.2.2.6',43),(145,'FFMSR 2.3.2.1',43),(146,'FFMSR 1.3.1.1',44),(147,'FFMSR 1.3.1.2',44),(148,'FFMSR 2.1.1.3',44),(149,'FFMSR 2.3.1.1',44),(150,'FFMSR 1.3.1.1',45),(151,'FFMSR 1.3.1.2',45),(152,'FFMSR 2.1.1.3',45),(153,'FFMSR 2.3.1.1',45),(154,'FFMSR 1.1.1.3',46),(155,'FFMSR 1.1.2.1',46),(156,'FFMSR 1.1.5.4',46),(157,'FFMSR 1.1.5.5',46),(158,'FFMSR 2.1.2.3',46),(159,'FFMSR 2.2.2.6',46),(160,'FFMSR 1.1.1.2',47),(161,'FFMSR 1.1.1.3',47),(162,'FFMSR 1.1.2.1',47),(163,'FFMSR 1.1.5.4',47),(164,'FFMSR 1.3.1.1',47),(165,'FFMSR 1.3.1.2',47),(166,'FFMSR 2.1.2.3',47),(167,'FFMSR 2.2.2.6',47),(168,'FFMSR 2.3.1.1',47),(169,'FFMSR 2.3.2.1',47),(170,'FFMSR 1.3.1.1',48),(171,'FFMSR 1.3.1.2',48),(172,'FFMSR 1.4.1.1',48),(173,'FFMSR 2.1.1.3',48),(174,'FFMSR 2.3.1.1',48),(175,'FFMSR 1.1.2.1',49),(176,'FFMSR 1.3.1.2',49),(177,'FFMSR 2.3.2.1',49),(178,'FFMSR 1.3.1.1',50),(179,'FFMSR 1.3.1.2',50),(180,'FFMSR 2.3.1.1',50),(181,'FFMSR 2.1.1.3',51),(182,'FFMSR 2.2.4.1',52),(183,'FFMSR 2.2.5.1',52),(184,'FFMSR 1.1.2.1',53),(185,'FFMSR 1.1.4.1',53),(186,'FFMSR 1.1.4.3',53),(187,'FFMSR 1.3.1.1',53),(188,'FFMSR 1.3.1.2',53),(189,'FFMSR 2.3.1.1',53),(190,'FFMSR 2.3.2.1',53),(191,'FFMSR 2.3.2.1',54),(192,'FFMSR 2.3.2.1',55),(193,'FFMSR 2.2.1.1',56),(194,'FFMSR 2.2.2.3',56),(195,'FFMSR 2.2.4.1',56),(196,'FFMSR 1.2.1.1',57),(197,'FFMSR 2.2.4.1',57),(198,'FFMSR 2.2.5.1',57),(199,'FFMSR 2.2.6.1',57),(200,'FFMSR 2.2.6.2',57),(201,'FFMSR 2.2.5.1 ',58),(202,'FFMSR 1.3.1.1',59),(203,'FFMSR 1.3.1.2',59),(204,'FFMSR 1.1.2.1',59),(205,'FFMSR 2.2.1.4',59),(206,'FFMSR 2.2.2.6',59),(207,'FFMSR 2.2.5.1',60),(208,'FFMSR 2.2.5.7',60),(209,'FFMSR 1.1.2.1',61),(210,'FFMSR 2.2.2.3',62),(211,'FFMSR 2.2.2.3',63),(212,'FFMSR 2.3.2.1',64),(213,'FFMSR 2.2.3.1',65),(214,'FFMSR 2.2.3.2',65),(215,'FFMSR 2.1.1.3',66),(216,'FFMSR 1.1.5.1',67),(217,'FFMSR 1.1.5.4',67),(218,'FFMSR 2.2.4.3',67),(219,'FFMSR 2.2.3.1',68),(220,'FFMSR 2.2.3.2',68),(221,'FFMSR 2.2.4.1',69),(222,'FFMSR 2.2.6.2',70),(223,'FFMSR 2.2.4.1',71),(224,'FFMSR 2.2.4.3',71),(225,'FFMSR 2.2.6.1',71),(226,'FFMSR 1.3.1.1',72),(227,'FFMSR 1.3.1.2',72),(228,'FFMSR 2.3.1.1',72),(229,'FFMSR 2.3.2.1',72),(230,'FFMSR 1.1.5.1',73),(231,'FFMSR 2.2.4.1',73),(232,'FFMSR 2.2.4.3',73),(233,'FFMSR 2.2.6.2',73),(234,'FFMSR 2.2.4.1',74),(235,'FFMSR 2.2.4.1',75),(236,'FFMSR 2.2.4.3',75),(237,'FFMSR 2.2.6.1',75),(238,'FFMSR 2.2.6.2',75),(239,'FFMSR 2.2.6.2',76),(240,'FFMSR 2.2.6.2',77),(241,'FFMSR 2.2.6.2',78),(242,'FFMSR 2.2.6.2',79),(243,'FFMSR 2.2.6.2',80),(244,'FFMSR 2.2.6.2',81),(245,'FFMSR 2.2.6.2',82),(246,'FFMSR 2.2.6.2',83),(247,'FFMSR 2.2.6.2',84),(248,'FFMSR 2.2.6.2',85),(249,'FFMSR 2.2.6.1',86),(250,'FFMSR 2.2.6.1',87),(251,'FFMSR 2.2.4.1',88),(252,'FFMSR 2.2.4.3',88),(253,'FFMSR 2.2.6.1',88),(254,'FFMSR 2.2.4.1',89),(255,'FFMSR 2.2.4.3',89),(256,'FFMSR 2.2.6.1',89),(257,'FFMSR 2.2.6.2',89),(258,'FFMSR 2.2.4.1',90),(259,'FFMSR 2.2.4.3',90),(260,'FFMSR 2.2.6.1',90),(261,'FFMSR 2.2.4.1',91),(262,'FFMSR 2.2.4.3',91),(263,'FFMSR 2.2.6.1',91),(264,'FFMSR 2.2.4.1',92),(265,'FFMSR 2.2.4.3',92),(266,'FFMSR 2.2.6.1',92),(267,'FFMSR 2.2.4.1',93),(268,'FFMSR 2.2.4.3',93),(269,'FFMSR 2.2.6.1',93),(270,'FFMSR 2.2.4.1',94),(271,'FFMSR 2.2.4.3',94),(272,'FFMSR 2.2.6.1',94),(273,'FFMSR 2.2.4.1',95),(274,'FFMSR 2.2.4.3',95),(275,'FFMSR 2.2.6.1',95),(276,'FFMSR 2.2.4.1',96),(277,'FFMSR 2.2.4.3',96),(278,'FFMSR 2.2.6.1',96),(279,'FFMSR 2.3.2.1',97),(280,'FFMSR 1.1.4.1',98),(281,'FFMSR 1.1.4.3',98),(282,'FFMSR 1.1.5.1',98),(283,'FFMSR 2.2.5.1 ',98),(284,'FFMSR 1.3.1.2',99),(285,'FFMSR 2.3.2.1',99),(286,'FFMSR 2.2.3.1',100),(287,'FFMSR 2.2.3.2',100),(288,'FFMSR 2.2.4.1',101),(289,'FFMSR 2.2.5.1',102),(290,'FFMSR 2.1.1.3',103),(291,'FFMSR 2.3.2.1',104),(292,'FFMSR 1.2.1.1',105),(293,'FFMSR 2.2.4.1',106),(294,'FFMSR 1.1.1.2',107),(295,'FFMSR 1.1.1.3',107),(296,'FFMSR 1.1.5.4',107),(297,'FFMSR 2.1.2.3',107),(298,'FFMSR 2.2.2.6',107),(299,'FFMSR 2.2.6.1',107),(300,'FFMSR 1.1.4.3',108),(301,'FFMSR 2.2.4.1',108),(302,'FFMSR 2.2.4.3',108),(303,'FFMSR 2.2.6.1',108),(304,'FFMSR 2.2.6.2',108),(305,'FFMSR 1.1.5.4',109),(306,'FFMSR 2.2.6.2',109),(307,'FFMSR 1.1.5.5',110),(308,'FFMSR 1.1.5.4',111),(309,'FFMSR 2.2.6.2',111),(310,'FFMSR 1.1.5.4',112),(311,'FFMSR 1.1.5.4',113),(312,'FFMSR 2.2.6.2',113),(313,'FFMSR 1.1.5.4',114),(314,'FFMSR 1.1.5.4',115),(315,'FFMSR 2.2.6.2',115),(316,'FFMSR 1.1.5.4',116),(317,'FFMSR 1.1.5.4',117),(318,'FFMSR 2.2.6.2',117),(319,'FFMSR 1.1.5.4',118),(320,'FFMSR 2.2.6.1',118),(321,'FFMSR 2.2.6.2',118),(322,'FFMSR 1.1.5.4',119),(323,'FFMSR 1.1.5.4',120),(324,'FFMSR 2.2.6.1',120),(325,'FFMSR 1.1.1.2',121),(326,'FFMSR 1.1.2.1',121),(327,'FFMSR 1.1.5.4',121),(328,'FFMSR 1.3.1.1',121),(329,'FFMSR 1.3.1.2',121),(330,'FFMSR 2.1.2.3',121),(331,'FFMSR 2.2.2.6',121),(332,'FFMSR 2.3.2.1',121),(333,'FFMSR 2.2.4.1',122),(334,'FFMSR 2.2.6.1',122),(335,'FFMSR 1.1.1.2',123),(336,'FFMSR 1.1.1.3',123),(337,'FFMSR 1.1.2.1',123),(338,'FFMSR 1.3.1.1',123),(339,'FFMSR 1.3.1.2',123),(340,'FFMSR 1.1.5.4',123),(341,'FFMSR 2.1.2.3',123),(342,'FFMSR 2.2.2.6',123),(343,'FFMSR 2.3.1.1',123),(344,'FFMSR 2.3.2.1',123),(345,'FFMSR 2.2.5.1',124),(346,'FFMSR 2.2.5.5',125),(347,'FFMSR 2.2.6.1',125),(348,'FFMSR 2.2.6.2',126),(349,'FFMSR 2.2.6.2',127),(350,'FFMSR 2.2.6.1',128),(351,'FFMSR 2.2.6.1',129),(352,'FFMSR 2.2.6.2',130),(353,'FFMSR 2.2.5.5',131),(354,'FFMSR 2.2.6.2',131),(355,'FFMSR 2.2.6.1',132),(356,'FFMSR 2.2.6.1',133),(357,'FFMSR 2.2.6.1',134),(358,'FFMSR 2.2.6.2',135),(359,'FFMSR 2.2.5.5',136),(360,'FFMSR 2.2.6.2',136),(361,'FFMSR 2.2.6.1',137),(362,'FFMSR 2.2.6.1',138),(363,'FFMSR 2.2.6.2',139),(364,'FFMSR 2.2.6.2',140),(365,'FFMSR 2.2.6.2',141),(366,'FFMSR 1.2.1.1',142),(367,'FFMSR 2.2.6.2',142),(368,'FFMSR 1.2.1.1',143),(369,'FFMSR 2.2.6.2',144),(370,'FFMSR 2.2.5.5',145),(371,'FFMSR 2.2.6.2',145),(372,'FFMSR 2.2.6.2',146),(373,'FFMSR 2.2.6.1',147),(374,'FFMSR 1.1.5.1',148),(375,'FFMSR 2.2.5.1',148),(376,'FFMSR 1.1.5.1',149),(377,'FFMSR 2.2.5.1',149),(378,'FFMSR 2.2.5.1',150),(379,'FFMSR 2.2.5.7',150),(380,'FFMSR 2.2.5.1',151),(381,'FFMSR 2.2.5.7',151),(382,'FFMSR 2.2.6.2',152),(383,'FFMSR 2.2.5.1',153),(384,'FFMSR 2.2.5.7',153),(385,'FFMSR 2.2.6.2',154),(386,'FFMSR 2.2.6.2',155),(387,'FFMSR 2.2.6.2',156),(388,'FFMSR 2.2.6.2',157),(389,'FFMSR 2.2.6.1',158),(390,'FFMSR 2.2.6.1',159),(391,'FFMSR 2.2.5.1',160),(392,'FFMSR 1.1.5.1',161),(393,'FFMSR 2.2.5.1',161),(394,'FFMSR 2.2.6.2',162),(395,'FFMSR 2.2.6.2',163),(396,'FFMSR 2.2.6.2',164),(397,'FFMSR 2.2.6.2',165),(398,'FFMSR 2.2.5.1',166),(399,'FFMSR 2.2.6.2',166),(400,'FFMSR 2.2.6.2',167),(401,'FFMSR 2.2.6.2',168),(402,'FFMSR 2.2.6.2',169),(403,'FFMSR 2.2.6.2',170),(404,'FFMSR 2.2.6.2',171),(405,'FFMSR 2.2.6.2',172),(406,'FFMSR 2.2.6.2',173),(407,'FFMSR 2.2.6.2',174),(408,'FFMSR 2.2.6.2',175),(409,'FFMSR 2.2.4.1',176),(410,'FFMSR 2.2.4.3',176),(411,'FFMSR 2.2.6.1',176),(412,'FFMSR 2.2.5.1',177),(413,'FFMSR 2.2.5.7',177),(414,'FFMSR 2.2.6.2',177),(415,'FFMSR 2.2.5.1',178),(416,'FFMSR 2.2.5.5',178),(417,'FFMSR 2.2.6.2',178),(418,'FFMSR 2.2.5.1',179),(419,'FFMSR 2.2.5.5',179),(420,'FFMSR 2.2.6.2',179),(421,'FFMSR 2.2.5.1',180),(422,'FFMSR 2.2.5.5',180),(423,'FFMSR 2.2.6.2',180),(424,'FFMSR 2.2.5.1',181),(425,'FFMSR 2.2.5.5',181),(426,'FFMSR 2.2.6.2',181),(427,'FFMSR 2.2.5.1',182),(428,'FFMSR 2.2.5.5',182),(429,'FFMSR 2.2.6.2',182),(430,'FFMSR 2.2.5.1',183),(431,'FFMSR 2.2.5.5',183),(432,'FFMSR 2.2.6.2',183),(433,'FFMSR 2.2.6.2',184),(434,'FFMSR 2.2.6.2',185),(435,'FFMSR 2.2.6.2',186),(436,'FFMSR 2.2.5.1',187),(437,'FFMSR 2.2.5.5',187),(438,'FFMSR 2.2.6.2',187),(439,'FFMSR 2.2.6.2',188),(440,'FFMSR 2.2.5.1',189),(441,'FFMSR 2.2.5.1',190),(442,'FFMSR 2.2.3.1',191),(443,'FFMSR 2.2.3.2',191),(444,'FFMSR 2.2.5.1',192),(445,'FFMSR 2.2.5.7',192),(446,'FFMSR 1.1.5.4',193),(447,'FFMSR 2.2.2.3',193),(448,'FFMSR 2.2.4.1',193),(449,'FFMSR 2.2.4.3',193),(450,'FFMSR 1.3.1.2',194),(451,'FFMSR 2.3.2.1',194),(452,'FFMSR 1.1.1.2',195),(453,'FFMSR 1.1.2.1',195),(454,'FFMSR 1.1.5.1',195),(455,'FFMSR 1.1.5.4',195),(456,'FFMSR 1.1.5.5',195),(457,'FFMSR 1.3.1.2',195),(458,'FFMSR 1.1.5.4',195),(459,'FFMSR 2.1.2.3',195),(460,'FFMSR 2.2.2.6',195),(461,'FFMSR 2.3.2.1',195),(462,'FFMSR 2.2.3.1',196),(463,'FFMSR 2.2.3.2',196),(464,'FFMSR 1.1.1.2',197),(465,'FFMSR 1.1.2.1',197),(466,'FFMSR 1.1.3.1',197),(467,'FFMSR 1.1.4.1',197),(468,'FFMSR 1.1.4.3',197),(469,'FFMSR 1.3.1.1',197),(470,'FFMSR 1.3.1.2',197),(471,'FFMSR 2.1.2.3',197),(472,'FFMSR 2.2.2.6',197),(473,'FFMSR 2.2.4.1',197),(474,'FFMSR 2.3.2.1',197),(475,'FFMSR 2.1.1.1',198),(476,'FFMSR 1.3.1.2',199),(477,'FFMSR 2.1.1.3',199),(478,'FFMSR 2.2.6.2',199),(479,'FFMSR 2.3.2.2',199),(480,'FFMSR 1.3.1.2',200),(481,'FFMSR 2.3.2.2',200),(482,'FFMSR 1.1.1.2',201),(483,'FFMSR 1.1.2.1',201),(484,'FFMSR 1.3.1.2',201),(485,'FFMSR 2.1.1.3',201),(486,'FFMSR 2.1.2.3',201),(487,'FFMSR 2.2.2.6',201),(488,'FFMSR 2.3.2.1',201),(489,'FFMSR 2.1.1.3',202),(490,'FFMSR 1.1.5.1',203),(491,'FFMSR 1.1.2.1',204),(492,'FFMSR 1.3.1.1',204),(493,'FFMSR 2.1.2.3',204),(494,'FFMSR 2.3.2.1',204),(495,'FFMSR 2.1.1.3',205),(496,'FFMSR 2.2.5.1',206),(497,'FFMSR 2.3.1.3',206),(498,'FFMSR 2.3.2.1',206),(499,'FFMSR 2.2.5.1',207),(500,'FFMSR 2.3.2.1',208),(501,'FFMSR 2.3.2.1',209),(502,'FFMSR 2.2.4.1',210),(503,'FFMSR 1.3.1.1',211),(504,'FFMSR 1.3.1.2',211),(505,'FFMSR 2.2.6.2',211),(506,'FFMSR 2.3.1.1',211),(507,'FFMST 2.3.1.4',211),(508,'FFMSR 1.1.5.1',212),(509,'FFMSR 1.2.1.1',213),(510,'FFMSR 2.2.3.1',214),(511,'FFMSR 2.2.3.2',214),(512,'FFMSR 2.2.3.1',215),(513,'FFMSR 2.2.3.2',215),(514,'FFMSR 2.3.2.1',216),(515,'FFMSR 1.1.1.2',217),(516,'FFMSR 1.1.2.1',217),(517,'FFMSR 1.1.5.4',217),(518,'FFMSR 1.1.5.5',217),(519,'FFMSR 1.3.1.1',217),(520,'FFMSR 1.3.1.2',217),(521,'FFMSR 1.4.1.1',217),(522,'FFMSR 2.1.1.3',217),(523,'FFMSR 2.1.2.3',217),(524,'FFMSR 2.2.2.6',217),(525,'FFMSR 2.3.2.1',217),(526,'FFMSR 2.2.1.1',218),(527,'FFMSR 2.2.2.1',218),(528,'FFMSR 2.2.5.5',218),(529,'FFMSR 2.2.5.7',219),(530,'FFMSR 2.2.5.1',220),(531,'FFMSR 2.2.5.7',220),(532,'FFMSR 2.2.5.1',221),(533,'FFMSR 2.2.5.7',221),(534,'FFMSR 2.2.5.7',222),(535,'FFMSR 2.2.5.7',223),(536,'FFMSR 2.2.4.1',224),(537,'FFMSR 2.2.5.1',224),(538,'FFMSR 2.2.6.1',224),(539,'FFMSR 2.2.5.1',225),(540,'FFMSR 2.2.5.7',225),(541,'FFMSR 1.1.5.4',226),(542,'FFMSR 2.2.4.3',226),(543,'FFMSR 1.1.5.4',227),(544,'FFMSR 1.3.1.2',227),(545,'FFMSR 2.2.4.3',227),(546,'FFMSR 2.2.5.1',227),(547,'FFMSR 2.2.5.7',227),(548,'FFMSR 2.3.2.1',227),(549,'FFMSR 2.2.5.1',228),(550,'FFMSR 2.2.5.7 ',228),(551,'FFMSR 1.3.1.2',229),(552,'FFMSR 2.3.2.2',229),(553,'FFMSR 1.1.2.1',230),(554,'FFMSR 1.1.4.1',230),(555,'FFMSR 1.1.4.3',230),(556,'FFMSR 1.1.5.4',230),(557,'FFMSR 1.3.1.1',230),(558,'FFMSR 1.3.1.2',230),(559,'FFMSR 2.2.1.4',230),(560,'FFMSR 2.2.1.6',230),(561,'FFMSR 2.2.2.3',230),(562,'FFMSR 2.2.4.1',230),(563,'FFMSR 2.2.6.2',230),(564,'FFMSR 1.1.2.1',231),(565,'FFMSR 1.1.5.1',231),(566,'FFMSR 2.2.1.1',231),(567,'FFMSR 2.2.4.1',231),(568,'FFMSR 2.2.5.1',231),(569,'FFMSR 2.2.5.7',231),(570,'FFMSR 2.2.6.1',231),(571,'FFMSR 1.1.2.1',232),(572,'FFMSR 1.1.5.1',232),(573,'FFMSR 1.1.5.5',232),(574,'FFMSR 2.2.4.1',232),(575,'FFMSR 2.2.4.3',232),(576,'FFMSR 2.2.5.1',232),(577,'FFMSR 2.2.5.7',232),(578,'FFMSR 2.2.6.1',232),(579,'FFMSR 1.1.5.1',233),(580,'FFMSR 2.2.2.1',233),(581,'FFMSR 2.2.2.3',233),(582,'FFMSR 2.2.5.5',233),(583,'FFMSR 1.1.5.1',234),(584,'FFMSR 2.2.2.1',234),(585,'FFMSR 2.2.2.4',234),(586,'FFMSR 2.2.2.5',234),(587,'FFMSR 2.2.5.5',234),(588,'FFMSR 1.1.5.1',235),(589,'FFMSR 2.2.4.1',235),(590,'FFMSR 2.2.5.1 ',235),(591,'FFMSR 1.1.5.1',236),(592,'FFMSR 2.2.5.1 ',236),(593,'FFMSR 1.1.5.1',237),(594,'FFMSR 2.2.5.1 ',237),(595,'FFMSR 1.1.5.1',238),(596,'FFMSR 2.2.2.3',238),(597,'FFMSR 2.2.5.1',238),(598,'FFMSR 1.1.5.1',239),(599,'FFMSR 2.3.2.1',240),(600,'FFMSR 2.2.4.1',241),(601,'FFMSR 2.3.2.1',242),(602,'FFMSR 2.2.3.1',243),(603,'FFMSR 2.2.3.2',243),(604,'FFMSR 2.2.5.1',244),(605,'FFMSR 2.2.5.7',244),(606,'FFMSR 2.2.5.1',245),(607,'FFMSR 2.2.5.1',246),(608,'FFMSR 2.2.6.2',246),(609,'FFMSR 2.2.5.1',247),(610,'FFMSR 2.2.5.7',247),(611,'FFMSR 2.2.5.7',248),(612,'FFMSR 2.2.6.2',248),(613,'FFMSR 2.2.5.1',249),(614,'FFMSR 2.2.5.7',249),(615,'FFMSR 2.2.5.1',250),(616,'FFMSR 2.2.5.7',250),(617,'FFMSR 1.1.4.3',251),(618,'FFMSR 1.1.5.1',251),(619,'FFMSR 1.1.5.4',251),(620,'FFMSR 1.3.1.1',251),(621,'FFMSR 1.3.1.2',251),(622,'FFMSR 2.2.1.2',251),(623,'FFMSR 2.2.2.4',251),(624,'FFMSR 2.2.2.5',251),(625,'FFMSR 2.2.4.2',251),(626,'FFMSR 2.2.4.3',251),(627,'FFMSR 2.2.5.1 ',251),(628,'FFMSR 2.2.3.1',252),(629,'FFMSR 2.2.3.2',252),(630,'FFMSR 2.1.2.3',253),(631,'FFMSR 2.2.3.1',254),(632,'FFMSR 2.2.3.2',254),(633,'FFMSR 1.1.1.1',255),(634,'FFMSR 1.1.2.1',255),(635,'FFMSR 1.1.5.4',255),(636,'FFMSR 1.3.1.2',255),(637,'FFMSR 2.1.2.3',255),(638,'FFMSR 2.2.2.6',255),(639,'FFMSR 2.3.2.1',255),(640,'FFMSR 2.2.4.1',256),(641,'FFMSR 2.2.5.7',257),(642,'FFMSR 2.2.5.1',258),(643,'FFMSR 2.2.5.7',258),(644,'FFMSR 2.2.5.1',259),(645,'FFMSR 2.2.5.7',259),(646,'FFMSR 1.1.5.1',260),(647,'FFMSR 1.1.5.4',260),(648,'FFMSR 1.1.5.1',261),(649,'FFMSR 1.1.5.4',261),(650,'FFMSR 1.1.5.1',262),(651,'FFMSR 1.1.5.4',262),(652,'FFMSR 2.2.1.2',262),(653,'FFMSR 2.2.1.4',262),(654,'FFMSR 2.2.2.1',262),(655,'FFMSR 2.2.2.3',262),(656,'FFMSR 2.2.2.4',262),(657,'FFMSR 2.2.2.5',262),(658,'FFMSR 2.2.2.6',262),(659,'FFMSR 2.2.5.5',262),(660,'FFMSR 1.1.5.1',263),(661,'FFMSR 1.1.5.4',263),(662,'FFMSR 1.1.5.1',264),(663,'FFMSR 1.1.5.4',264),(664,'FFMSR 1.1.5.1',265),(665,'FFMSR 1.1.5.4',265),(666,'FFMSR 2.2.1.2',265),(667,'FFMSR 1.1.5.1',266),(668,'FFMSR 1.1.5.4',266),(669,'FFMSR 2.2.1.4',266),(670,'FFMSR 2.2.2.6',266),(671,'FFMSR 2.3.1.3',267),(672,'FFMSR 2.2.3.1',268),(673,'FFMSR 2.2.3.2',268),(674,'FFMSR 2.2.5.7',269),(675,'FFMSR 2.3.2.1',269),(676,'FFMSR 1.1.4.1',270),(677,'FFMSR 1.1.4.3',270),(678,'FFMSR 1.1.5.1',270),(679,'FFMSR 1.1.5.4',270),(680,'FFMSR 1.1.5.5',270),(681,'FFMSR 1.3.1.1',270),(682,'FFMSR 1.3.1.2',270),(683,'FFMSR 2.2.1.2',270),(684,'FFMSR 2.2.1.4',270),(685,'FFMSR 2.2.2.4',270),(686,'FFMSR 2.2.2.5',270),(687,'FFMSR 2.2.2.6',270),(688,'FFMSR 2.2.4.1',270),(689,'FFMSR 2.2.4.3',270),(690,'FFMSR 2.3.2.1',271),(691,'FFMSR 2.3.2.1',272),(692,'FFMSR 1.1.5.1',273),(693,'FFMSR 2.2.4.3',273),(694,'FFMSR 2.3.2.1',273),(695,'FFMSR 2.2.3.1',274),(696,'FFMSR 2.2.3.2',274),(697,'FFMSR 2.3.2.1',274),(698,'FFMSR 1.1.5.5',275),(699,'FFMSR 2.3.2.1',275),(700,'FFMSR 1.1.5.1',276),(701,'FFMSR 2.3.2.1',276),(702,'FFMSR 2.3.1.3',277),(703,'FFMSR 2.2.5.1',278),(704,'FFMSR 2.2.5.7',278),(705,'FFMSR 2.2.5.1',279),(706,'FFMSR 2.2.5.7',279),(707,'FFMSR 2.2.5.1',280),(708,'FFMSR 2.2.4.1',281),(709,'FFMSR 2.2.4.1',282),(710,'FFMSR 2.2.4.1',283),(711,'FFMSR 1.1.5.1',284),(712,'FFMSR 2.2.4.1',284),(713,'FFMSR 2.2.5.1',284),(714,'FFMSR 2.2.5.7',284),(715,'FFMSR 2.2.4.1',285),(716,'FFMSR 2.2.4.1',286),(717,'FFMSR 2.2.5.1',287),(718,'FFMSR 2.2.2.1',288),(719,'FFMSR 2.2.2.4',288),(720,'FFMSR 2.2.2.5',288),(721,'FFMSR 2.2.5.5',288),(722,'FFMSR 2.2.2.3',289),(723,'FFMSR 2.2.2.4',289),(724,'FFMSR 2.2.2.5',289),(725,'FFMSR 2.2.2.1',290),(726,'FFMSR 2.2.2.3',290),(727,'FFMSR 2.2.5.5',290),(728,'FFMSR 2.2.5.7',291),(729,'FFMSR 2.2.5.7',292),(730,'FFMSR 2.2.3.1',293),(731,'FFMSR 2.2.3.2',293),(732,'FFMSR 2.2.3.1',294),(733,'FFMSR 2.2.3.2',294),(734,'FFMSR 2.2.2.1',295),(735,'FFMSR 2.2.5.5',295),(736,'FFMSR 2.2.5.7',295),(737,'FFMSR 2.2.4.1',296),(738,'FFMSR 2.2.4.1',297),(739,'FFMSR 2.2.4.1',298),(740,'FFMSR 1.1.1.3',299),(741,'FFMSR 1.1.2.1',299),(742,'FFMSR 1.1.5.4',299),(743,'FFMSR 1.3.1.2',299),(744,'FFMSR 2.1.2.3',299),(745,'FFMSR 2.2.2.6',299),(746,'FFMSR 2.3.2.1',299),(747,'FFMSR 2.2.2.1',300),(748,'FFMSR 2.2.2.3',300),(749,'FFMSR 2.2.5.5',300),(750,'FFMSR 1.1.5.4',301),(751,'FFMSR 1.1.1.2',302),(752,'FFMSR 1.1.2.1',302),(753,'FFMSR 1.1.5.4',302),(754,'FFMSR 1.2.1.1',302),(755,'FFMSR 1.3.1.2',302),(756,'FFMSR 2.1.2.3',302),(757,'FFMSR 2.2.2.6',302),(758,'FFMSR 2.3.2.1',302),(759,'FFMSR 1.1.1.2',303),(760,'FFMSR 1.1.2.1',303),(761,'FFMSR 1.1.5.4',303),(762,'FFMSR 1.3.1.2',303),(763,'FFMSR 2.1.2.3',303),(764,'FFMSR 2.2.2.6',303),(765,'FFMSR 1.3.1.2',304),(766,'FFMSR 2.3.2.1',304),(767,'FFMSR 1.1.3.1',305),(768,'FFMSR 1.1.3.1',306),(769,'FFMSR 2.2.5.5',307),(770,'FFMSR 2.2.6.2',307),(771,'FFMSR 1.3.1.2',308),(772,'FFMSR 2.2.3.1',308),(773,'FFMSR 2.2.3.2',308),(774,'FFMSR 2.3.2.1',308),(775,'FFMSR 2.2.3.1',309),(776,'FFMSR 2.2.3.2',309),(777,'FFMSR 2.2.3.1',310),(778,'FFMSR 2.2.3.2',310),(779,'FFMSR 1.2.1.1',311),(780,'FFMSR 2.2.4.1',311),(781,'FFMSR 2.2.4.3',311),(782,'FFMSR 2.2.6.1',311),(783,'FFMSR 1.1.5.1',312),(784,'FFMSR 2.2.4.1',312),(785,'FFMSR 2.2.5.7',312),(786,'FFMSR 2.2.6.1',312),(787,'FFMSR 2.2.4.1',313),(788,'FFMSR 2.2.4.3',313),(789,'FFMSR 2.2.6.1',313),(790,'FFMSR 2.2.4.1',314),(791,'FFMSR 2.2.4.3',314),(792,'FFMSR 2.2.5.7',314),(793,'FFMSR 2.2.6.1',314),(794,'FFMSR 2.2.4.1',315),(795,'FFMSR 2.2.4.3',315),(796,'FFMSR 2.2.6.1',315),(797,'FFMSR 1.3.1.1',316),(798,'FFMSR 1.3.1.2',316),(799,'FFMSR 2.2.4.1',316),(800,'FFMSR 2.2.4.3',316),(801,'FFMSR 2.2.5.5',316),(802,'FFMSR 2.2.6.1',316),(803,'FFMSR 2.3.1.1',316),(804,'FFMSR 2.2.4.1',317),(805,'FFMSR 2.2.4.3',317),(806,'FFMSR 2.2.6.1',317),(807,'FFMSR 1.3.1.1',318),(808,'FFMSR 1.3.1.2',318),(809,'FFMSR 2.2.4.1',318),(810,'FFMSR 2.2.4.3',318),(811,'FFMRS 2.2.5.5',318),(812,'FFMSR 2.2.6.1',318),(813,'FFMSR 2.3.1.1',318),(814,'FFMSR 1.1.5.4',319),(815,'FFMSR 2.2.4.1',319),(816,'FFMSR 2.2.4.3',319),(817,'FFMSR 2.2.6.1',319),(818,'FFMSR 2.2.4.1',320),(819,'FFMSR 2.2.4.3',320),(820,'FFMSR 2.2.6.1',320),(821,'FFMSR 1.1.5.1',321),(822,'FFMSR 1.1.4.3',322),(823,'FFMSR 1.1.5.4',322),(824,'FFMSR 2.2.4.1',322),(825,'FFMSR 2.2.4.3',322),(826,'FFMSR 2.2.5.5',322),(827,'FFMSR 2.2.6.1',322),(828,'FFMSR 2.3.1.4',322),(829,'FFMSR 1.1.5.5',323),(830,'FFMSR 1.1.5.4',324),(831,'FFMSR 1.2.1.1',324),(832,'FFMSR 2.2.4.1',324),(833,'FFMSR 2.2.4.3',324),(834,'FFMSR 2.2.6.1',324),(835,'FFMSR 2.2.6.2',324),(836,'FFMSR 1.1.5.4 ',324),(837,'FFMSR 1.1.5.4',325),(838,'FFMSR 2.2.4.1',325),(839,'FFMSR 2.2.4.3',325),(840,'FFMSR 2.2.6.1',325),(841,'FFMSR 2.2.6.2',325),(842,'FFMSR 1.1.5.4',326),(843,'FFMSR 1.1.5.4',327),(844,'FFMSR 1.3.1.2',328),(845,'FFMSR 2.2.4.1',328),(846,'FFMSR 2.2.6.1',328),(847,'FFMSR 1.3.1.2',329),(848,'FFMSR 2.2.4.1',329),(849,'FFMSR 2.2.6.1',329),(850,'FFMSR 1.3.1.1',330),(851,'FFMSR 2.2.4.1',330),(852,'FFMSR 2.2.5.1',330),(853,'FFMSR 2.2.6.1',330),(854,'FFMSR 1.1.5.1',331),(855,'FFMSR 2.2.2.1',331),(856,'FFMSR 2.2.4.1',331),(857,'FFMSR 2.2.5.1',331),(858,'FFMSR 2.2.5.7',332),(859,'FFMSR 2.2.4.1',333),(860,'FFMSR 1.1.1.2',334),(861,'FFMSR 1.1.2.1',334),(862,'FFMSR 1.1.5.4',334),(863,'FFMSR 1.3.1.2',334),(864,'FFMSR 1.1.5.4',334),(865,'FFMSR 2.2.1.1',334),(866,'FFMSR 2.2.1.2',334),(867,'FFMSR 2.2.1.4',334),(868,'FFMSR 2.2.2.6',334),(869,'FFMSR 2.3.2.1',334),(870,'FFMSR 2.2.4.1',335),(871,'FFMSR 2.2.3.1',336),(872,'FFMSR 2.2.3.2',336),(873,'FFMSR 2.2.5.1',337),(874,'FFMSR 2.2.5.7',337),(875,'FFMSR 2.2.6.1',338),(876,'FFMSR 2.2.6.1',339),(877,'FFMSR 1.3.1.1',340),(878,'FFMSR 1.3.1.2',341),(879,'FFMSR 2.2.4.1',342),(880,'FFMSR 2.2.6.1',342),(881,'FFMSR 2.2.6.2',342),(882,'FFMSR 1.3.1.2',343),(883,'FFMSR 2.2.6.2',343),(884,'FFMSR 2.3.2.1',343),(885,'FFMSR 2.3.2.2',343),(886,'FFMSR 1.1.2.1',344),(887,'FFMSR 1.1.5.5',344),(888,'FFMSR 1.3.1.2',344),(889,'FFMSR 2.1.2.3',344),(890,'FFMSR 2.2.2.6',344),(891,'FFMSR 2.3.2.1',344),(892,'FFMSR 1.3.1.2',345),(893,'FFMSR 1.1.5.4',345),(894,'FFMSR 1.1.5.5',345),(895,'FFMSR 2.2.6.2',345),(896,'FFMSR 2.3.2.1',345),(897,'FFMSR 2.3.2.2',345),(898,'FFMSR 1.1.5.4',346),(899,'FFMSR 1.3.1.2',346),(900,'FFMSR 2.3.2.1',346),(901,'FFMSR 2.3.2.2',346),(902,'FFMSR 1.1.5.5',347),(903,'FFMSR 2.2.6.2',347),(904,'FFMSR 2.2.5.1',348),(905,'FFMSR 2.3.1.3',348),(906,'FFMSR 2.3.2.2 ',348),(907,'FFMSR 2.2.6.2',349),(908,'FFMSR 1.1.1.2',350),(909,'FFMSR 1.1.2.1',350),(910,'FFMSR 1.1.5.1',350),(911,'FFMSR 1.1.5.4',350),(912,'FFMSR 1.1.5.5',350),(913,'FFMSR 1.3.1.1',350),(914,'FFMSR 1.3.1.2',350),(915,'FFMSR 2.1.1.3',350),(916,'FFMSR 2.1.2.3',350),(917,'FFMSR 2.2.2.6',350),(918,'FFMSR 1.1.5.5',351),(919,'FFMSR 2.2.5.7',351),(920,'FFMSR 2.2.5.1',352),(921,'FFMSR 2.2.5.7',352),(922,'FFMSR 1.1.2.1',353),(923,'FFMSR 2.2.1.1',354),(924,'FFMSR 1.1.5.1',355),(925,'FFMSR 1.1.5.4',355),(926,'FFMSR 2.2.4.1',355),(927,'FFMSR 2.2.5.1 ',355),(928,'FFMSR 1.1.5.1',356),(929,'FFMSR 1.1.5.4',356),(930,'FFMSR 2.2.4.1',356),(931,'FFMSR 2.2.5.1 ',356),(932,'FFMSR 1.1.5.1',357),(933,'FFMSR 2.2.3.1',358),(934,'FFMSR 2.2.3.2',358),(935,'FFMSR 1.1.5.4',359),(936,'FFMSR 2.2.1.1',360),(937,'FFMSR 2.2.2.3',360),(938,'FFMSR 2.2.4.1',361),(939,'FFMSR 2.2.5.1',362),(940,'FFMSR 2.2.5.7',362),(941,'FFMSR 1.1.4.1',363),(942,'FFMSR 1.1.4.3',363),(943,'FFMSR 2.3.2.2',363),(944,'FFMSR 1.1.2.1',364),(945,'FFMSR 2.2.4.1',365),(946,'FFMSR 2.2.5.1',365),(947,'FFMSR 2.2.6.1',365),(948,'FFMSR 2.2.5.5',366),(949,'FFMSR 2.2.5.7',366),(950,'FFMSR 2.2.5.7',367),(951,'FFMSR 2.2.6.2',367),(952,'FFMSR 2.2.5.7',368),(953,'FFMSR 2.2.5.1',369),(954,'FFMSR 2.2.5.7',369),(955,'FFMSR 2.2.6.1',370),(956,'FFMSR 2.2.6.2',370),(957,'FFMSR 2.2.6.1',371),(958,'FFMSR 2.2.6.2',371),(959,'FFMSR 1.1.5.4',372),(960,'FFMSR 1.1.5.5',372),(961,'FFMSR 2.2.6.2',372),(962,'FFMSR 2.2.3.1',373),(963,'FFMSR 2.2.3.2',373),(964,'FFMSR 2.2.5.1',374),(965,'FFMSR 2.3.1.3 ',374),(966,'FFMSR 2.2.6.1',375),(967,'FFMSR 2.2.6.2',375),(968,'FFMSR 2.1.1.3',376),(969,'FFMSR 1.1.1.3',377),(970,'FFMSR 1.1.2.1',377),(971,'FFMSR 1.3.1.1',377),(972,'FFMSR 1.3.1.2',377),(973,'FFMSR 2.1.1.3',377),(974,'FFMSR 2.1.2.3',377),(975,'FFMSR 2.2.2.6',377),(976,'FFMSR 2.3.1.1',377),(977,'FFMSR 2.3.2.1',377),(978,'FFMSR 1.1.1.3',378),(979,'FFMSR 1.1.2.1',378),(980,'FFMSR 1.3.1.2',378),(981,'FFMSR 2.1.2.3',378),(982,'FFMSR 2.2.2.6',378),(983,'FFMSR 2.3.2.1',378),(984,'FFMSR 1.1.5.1',379),(985,'FFMSR 2.2.5.1 ',379),(986,'FFMSR 1.1.5.1',380),(987,'FFMSR 1.1.5.4',380),(988,'FFMSR 2.2.2.1',381),(989,'FFMSR 2.2.2.3',381),(990,'FFMSR 2.2.4.1',381),(991,'FFMSR 2.2.5.5',381),(992,'FFMSR 2.2.4.1',382),(993,'FFMSR 2.2.5.1',383),(994,'FFMSR 2.2.5.7',383),(995,'FFMSR 2.2.1.2',384),(996,'FFMSR 1.1.5.4',385),(997,'FFMSR 1.1.5.5',385),(998,'FFMSR 1.1.5.4',386),(999,'FFMSR 1.1.5.5',386),(1000,'FFMSR 1.2.1.1',387),(1001,'FFMSR 1.2.1.2',387),(1002,'FFMSR 1.4.1.1',387),(1003,'FFMSR 1.2.1.1',388),(1004,'FFMSR 2.2.5.7',389),(1005,'FFMSR 1.1.5.4 ',390),(1006,'FFMSR 1.2.1.1',391),(1007,'FFMSR 1.2.1.2',391),(1008,'FFMSR 1.4.1.1',391),(1009,'FFMSR 1.1.1.2',392),(1010,'FFMSR 1.1.2.1',392),(1011,'FFMSR 1.1.5.4',392),(1012,'FFMSR 1.3.1.2',392),(1013,'FFMSR 1.3.1.2',392),(1014,'FFMSR 2.1.2.3',392),(1015,'FFMSR 2.2.2.6',392),(1016,'FFMSR 2.2.5.1',392),(1017,'FFMSR 2.2.6.2',392),(1018,'FFMSR 2.3.2.1',392),(1019,'FFMSR 1.1.1.2',393),(1020,'FFMSR 1.1.2.1',393),(1021,'FFMSR 1.1.5.4',393),(1022,'FFMSR 1.3.1.1',393),(1023,'FFMSR 1.3.1.2',393),(1024,'FFMSR 2.1.2.3',393),(1025,'FFMSR 2.2.2.6',393),(1026,'FFMSR 1.1.4.3',394),(1027,'FFMSR 1.1.5.4',394),(1028,'FFMSR 1.3.1.1',394),(1029,'FFMSR 1.3.1.2',394),(1030,'FFMSR 1.1.5.4',394),(1031,'FFMSR 2.2.1.2',394),(1032,'FFMSR 2.2.1.4',394),(1033,'FFMSR 2.2.2.4',394),(1034,'FFMSR 2.2.2.5',394),(1035,'FFMSR 2.2.2.6',394),(1036,'FFMSR 2.2.4.1',394),(1037,'FFMSR 2.2.4.3',394),(1038,'FFMSR 2.2.5.1',394),(1039,'FFMSR 2.2.5.7',394),(1040,'FFMSR 2.3.2.1',394),(1041,'FFMSR 2.2.6.1',395),(1042,'FFMSR 2.2.6.2',395),(1043,'FFMSR 1.1.4.1',396),(1044,'FFMSR 1.1.4.3',396),(1045,'FFMSR 1.1.2.1',397),(1046,'FFMSR 2.2.1.2',397),(1047,'FFMSR 2.3.2.2',397),(1048,'FFMSR 2.2.5.1 ',398),(1049,'FFMSR 1.2.1.1',399),(1050,'FFMSR 1.2.1.2',399),(1051,'FFMSR 1.2.1.3',399),(1052,'FFMSR 2.2.4.1',400),(1053,'FFMSR 1.1.1.1',401),(1054,'FFMSR 1.1.2.1',401),(1055,'FFMSR 1.1.3.1',401),(1056,'FFMSR 1.1.3.3',401),(1057,'FFMSR 1.1.3.4',401),(1058,'FFMSR 1.1.4.1',401),(1059,'FFMSR 1.1.4.3',401),(1060,'FFMSR 1.1.5.1',401),(1061,'FFMSR 1.1.5.4',401),(1062,'FFMSR 1.2.1.3',401),(1063,'FFMSR 1.3.1.1',401),(1064,'FFMSR 1.3.1.2',401),(1065,'FFMSR 2.1.2.3',401),(1066,'FFMSR 2.2.1.2',401),(1067,'FFMSR 2.2.1.4',401),(1068,'FFMSR 2.2.2.6',401),(1069,'FFMSR 2.2.4.3',401),(1070,'FFMSR 2.2.5.7',401),(1071,'FFMSR 2.3.1.1',401),(1072,'FFMSR 2.3.1.4',401),(1073,'FFMSR 2.3.2.1',401),(1074,'FFMSR 2.2.1.1',402),(1075,'FFMSR 2.2.6.1',403),(1076,'FFMSR 2.2.6.2',403),(1077,'FFMSR 2.2.6.1',404),(1078,'FFMSR 2.2.6.2',404),(1079,'FFMSR 2.2.6.1',405),(1080,'FFMSR 2.2.6.2',405),(1081,'FFMSR 2.2.3.1',406),(1082,'FFMSR 2.2.3.2',406),(1083,'FFMSR 2.2.3.1',407),(1084,'FFMSR 2.2.3.2',407),(1085,'FFMSR 2.2.5.1',408),(1086,'FFMSR 2.2.5.7',408),(1087,'FFMSR 1.1.1.3',409),(1088,'FFMSR 1.1.2.1',409),(1089,'FFMSR 1.1.5.4',409),(1090,'FFMSR 1.3.1.2',409),(1091,'FFMSR 2.1.2.3',409),(1092,'FFMSR 2.2.2.6',409),(1093,'FFMSR 2.3.2.1',409);
/*!40000 ALTER TABLE `businessCapabilityReference` ENABLE KEYS */;
UNLOCK TABLES;

--
-- Table structure for table `dataElementLabel`
--

DROP TABLE IF EXISTS `dataElementLabel`;
/*!40101 SET @saved_cs_client     = @@character_set_client */;
/*!40101 SET character_set_client = utf8 */;
CREATE TABLE `dataElementLabel` (
  `id` int(11) NOT NULL AUTO_INCREMENT,
  `labelName` text,
  PRIMARY KEY (`id`)
) ENGINE=InnoDB AUTO_INCREMENT=410 DEFAULT CHARSET=utf8;
/*!40101 SET character_set_client = @saved_cs_client */;

--
-- Dumping data for table `dataElementLabel`
--

LOCK TABLES `dataElementLabel` WRITE;
/*!40000 ALTER TABLE `dataElementLabel` DISABLE KEYS */;
INSERT INTO `dataElementLabel` VALUES (2,'AccountEffectiveDate'),(3,'AccountingReportingStatus'),(4,'AccountSymbolName'),(5,'AdditionalAccountingInformation'),(6,'Address'),(7,'AddressTypeCode'),(8,'AdjustmentBusinessEventType'),(9,'AdjustmentTypeCode'),(10,'AdministrativeDebtClassificationCode '),(11,'AdvanceAmount'),(12,'AdvanceRevenueRecognitionMethodologyCode'),(13,'AgencyBillName'),(14,'AgencyDebtIdentifier'),(15,'AgencyDebtorIdentifier'),(16,'AgencyLocationCode'),(17,'AgencyRefundAdjustmentAmount'),(18,'AgencyRefundReversalAmount'),(19,'AgencyTransactionIdentifier'),(20,'AgentBank'),(21,'AgentBankName'),(22,'Amount'),(23,'AnticipatedIndicator'),(24,'ApportionmentCategoryB_ProgramCode'),(25,'ApportionmentCategoryCode'),(26,'AppropriationFlagCode'),(27,'ATB_AvailabilityTypeCode'),(28,'ATB_TreasuryAccountSymbol'),(29,'AuthorityDurationCode'),(30,'AuthorityTypeCode'),(31,'AvailabilityTimeIndicator'),(32,'BalanceOfDebtEligibleForReferralToTreasuryForCollectionAmount'),(33,'BankAccountNumber'),(34,'BankAccountTypeCode'),(35,'BankInfo'),(36,'BankName'),(37,'BEA_CategoryIndicator'),(38,'BeginEndIndicator'),(39,'BillAccountNumber'),(40,'BillDate'),(41,'BorrowingAuthorityFromPublicCode'),(42,'BorrowingAuthorityFromTreasuryCode'),(43,'BorrowingSourceCode'),(44,'BudgetAccountCode'),(45,'BudgetAgencyCode'),(46,'BudgetaryImpactIndicator'),(47,'BudgetaryProprietaryCode'),(48,'BudgetBureauCode'),(49,'BudgetImpactIndicator'),(50,'BudgetMainAccountCode'),(51,'BudgetSubfunctionIdentifier'),(52,'BusinessDebtorTypeCode'),(53,'BusinessEventTypeCode'),(54,'BusinessEventTypeName'),(55,'BusinessEventTypeRecord'),(56,'BusinessIdentifierCode'),(57,'BusinessPartnerNetworkNumber'),(58,'BusinessTransaction'),(59,'BusinessTransactionTypeCode'),(60,'BypassIndicatorCode'),(61,'CARS_AccountingPeriodDate'),(62,'CertificationDetails'),(63,'CertifyingOfficer'),(64,'ChangeType'),(65,'ChannelReceiptDate'),(66,'Chapter'),(67,'ChargeBackRecordNumber'),(68,'CheckAccountingMonthAndYear'),(69,'CityName'),(70,'CNC_DebtsClosedOutDuringCurrentFiscalYearAmount'),(71,'CollectionCount'),(72,'CollectionReportingClassification'),(73,'CollectionReportingClassifications'),(74,'CollectionsAccountNumber'),(75,'CollectionsBusinessDate'),(76,'CollectionsOnDelinquentDebtByAgencyAmount'),(77,'CollectionsOnDelinquentDebtByAssetSalesAmount'),(78,'CollectionsOnDelinquentDebtByInternalOffsetAmount'),(79,'CollectionsOnDelinquentDebtByLitigationAmount'),(80,'CollectionsOnDelinquentDebtByPrivateCollectionAgenciesAmount'),(81,'CollectionsOnDelinquentDebtByThirdPartyAmount'),(82,'CollectionsOnDelinquentDebtByTreasuryOffsetAmount'),(83,'CollectionsOnDelinquentDebtByTreasuryOrDesignatedDebtCollectionCenterCrossServicingAmount'),(84,'CollectionsOnDelinquentDebtByWageGarnishmentAmount'),(85,'CollectionsOnDelinquentDebtOtherAmount'),(86,'CollectionsOnDelinquentDebtOtherAmountNoteText'),(87,'CollectionsOnDelinquentDebtOtherNumberNoteText'),(88,'CollectionsOnDelinquentDebtTotalAmount'),(89,'CollectionsOnReceivablesAmount'),(90,'CollectionsOnReceivablesAssetSalesAmount'),(91,'CollectionsOnReceivablesAtAgencyAmount'),(92,'CollectionsOnReceivablesAtThirdPartyAmount'),(93,'CollectionsOnReceivablesByDepartmentOfJusticeAmount'),(94,'CollectionsOnReceivablesBySaleAfterForeclosureAmount'),(95,'CollectionsOnReceivablesByTreasuryThroughOffsetAndCrossServicingAmount'),(96,'CollectionsOnReceivablesOtherAmount'),(97,'CollectionsStatusCode'),(98,'CollectionsTransactionType'),(99,'Comments'),(100,'CommercialBankIndicator'),(101,'ConsularCode'),(102,'ConsumerOrCommercialCode '),(103,'ContractAuthorityCode'),(104,'ConversionMethodCode'),(105,'CostCenterWorkUnitCode'),(106,'CountryCode'),(107,'CreditCohortYear'),(108,'CurrentlyNotCollectibleDebtAmount'),(109,'CurrentlyNotCollectibleDebtsTotalAmount'),(110,'CurrentlyNotCollectibleDebtsTotalNumber'),(111,'CurrentlyNotCollectibleDebtsWrittenOffAndNotClosedOutAtPrivateCollectionAgenciesAmount'),(112,'CurrentlyNotCollectibleDebtsWrittenOffAndNotClosedOutAtPrivateCollectionAgenciesNumber'),(113,'CurrentlyNotCollectibleDebtsWrittenOffAndNotClosedOutAtTreasuryForOffsetAmount'),(114,'CurrentlyNotCollectibleDebtsWrittenOffAndNotClosedOutAtTreasuryForOffsetNumber'),(115,'CurrentlyNotCollectibleDebtsWrittenOffAndNotClosedOutAtTreasuryOrDesignatedDebtCollectionCenterForCrossServicingAmount'),(116,'CurrentlyNotCollectibleDebtsWrittenOffAndNotClosedOutAtTreasuryOrDesignatedDebtCollectionCenterForCrossServicingNumber'),(117,'CurrentlyNotCollectibleDebtsWrittenOffAndNotClosedOutOtherAmount'),(118,'CurrentlyNotCollectibleDebtsWrittenOffAndNotClosedOutOtherAmountNoteText'),(119,'CurrentlyNotCollectibleDebtsWrittenOffAndNotClosedOutOtherNumber'),(120,'CurrentlyNotCollectibleDebtsWrittenOffAndNotClosedOutOtherNumberNoteText'),(121,'CustodialNonCustodialIndicator'),(122,'CustomerAccountsReceivableSystemNumber'),(123,'DebitCreditIndicator'),(124,'DebtDescription '),(125,'DebtEligibleForReferralToTreasuryOffsetProgramBalanceRemainingToBeReferredAmount'),(126,'DebtEligibleForReferralToTreasuryOffsetProgramDebtInLitigationForEnforcedCollectionAmount'),(127,'DebtEligibleForReferralToTreasuryOffsetProgramDebtReferredToTreasuryOffsetProgramAmount'),(128,'DebtEligibleForReferralToTreasuryOffsetProgramDebtReferredToTreasuryOffsetProgramThroughCrossServicingAmount'),(129,'DebtEligibleForReferralToTreasuryOffsetProgramDebtRequiredToBeReferredToTreasuryOffsetProgramByAgencyAmount'),(130,'DebtEligibleForReferralToTreasuryOffsetProgramForeignSovereignDebtAmount'),(131,'DebtEligibleForReferralToTreasuryOffsetProgramOtherAmount'),(132,'DebtEligibleForReferralToTreasuryOffsetProgramOtherAmountNoteText'),(133,'DebtEligibleForReferralToTreasuryOffsetProgramOtherNumberNoteText'),(134,'DebtEligibleForReferralToTreasuryOrDesignatedDebtCollectionCenterForCrossServicingAmountNoteText'),(135,'DebtEligibleForReferralToTreasuryOrDesignatedDebtCollectionCenterForCrossServicingAtPrivateCollectionAgenciesAmount'),(136,'DebtEligibleForReferralToTreasuryOrDesignatedDebtCollectionCenterForCrossServicingBalanceRemainingToBeReferredAmount'),(137,'DebtEligibleForReferralToTreasuryOrDesignatedDebtCollectionCenterForCrossServicingDebtEligibleForReferralToTreasuryForCollectionAmount'),(138,'DebtEligibleForReferralToTreasuryOrDesignatedDebtCollectionCenterForCrossServicingDebtExemptedByTreasuryFromCrossServicingAmount'),(139,'DebtEligibleForReferralToTreasuryOrDesignatedDebtCollectionCenterForCrossServicingDebtInLitigationForEnforcedCollectionAmount'),(140,'DebtEligibleForReferralToTreasuryOrDesignatedDebtCollectionCenterForCrossServicingDebtReferredToTreasuryOrDesignatedDebtCollectionCenterForCrossServicingAmount'),(141,'DebtEligibleForReferralToTreasuryOrDesignatedDebtCollectionCenterForCrossServicingDebtRequiredToBeReferredToTreasuryOrDesignatedDebtCollectionCenterForCrossServicingAmount'),(142,'DebtEligibleForReferralToTreasuryOrDesignatedDebtCollectionCenterForCrossServicingDebtReturnedFromCrossServicingAmount'),(143,'DebtEligibleForReferralToTreasuryOrDesignatedDebtCollectionCenterForCrossServicingDebtReturnedFromCrossServicingNumber'),(144,'DebtEligibleForReferralToTreasuryOrDesignatedDebtCollectionCenterForCrossServicingForeignSovereignDebtAmount'),(145,'DebtEligibleForReferralToTreasuryOrDesignatedDebtCollectionCenterForCrossServicingInProcessOfInternalOffsetAmount'),(146,'DebtEligibleForReferralToTreasuryOrDesignatedDebtCollectionCenterForCrossServicingOtherAmount'),(147,'DebtEligibleForReferralToTreasuryOrDesignatedDebtCollectionCenterForCrossServicingOtherNumberNoteText'),(148,'DebtorDisputedDebtAmountIndicator'),(149,'DebtorDisputedDebtIndicator'),(150,'DebtOriginationDate'),(151,'DebtRecallReasonCode'),(152,'DebtsClosedOutDuringPreviousCalendarYearAmount'),(153,'DebtServiceProcessingCode'),(154,'DebtsIneligibleForTreasuryOffsetProgramAndCrossServicingInBankruptcyAmount'),(155,'DebtsIneligibleForTreasuryOffsetProgramAndCrossServicingInForbearanceOrFormalAppealsProcessIncludingLitigationAmount'),(156,'DebtsIneligibleForTreasuryOffsetProgramAndCrossServicingInForeclosureAmount'),(157,'DebtsIneligibleForTreasuryOffsetProgramAndCrossServicingOtherAmount'),(158,'DebtsIneligibleForTreasuryOffsetProgramAndCrossServicingOtherAmountNoteText'),(159,'DebtsIneligibleForTreasuryOffsetProgramAndCrossServicingOtherNumberNoteText'),(160,'DebtStatusCode'),(161,'DebtTransactionTypeCode'),(162,'Delinquencies_1to180_DaysAtAgencyAmount'),(163,'Delinquencies_1to180_DaysAtPrivateCollectionAgenciesAmount'),(164,'Delinquencies_1to180_DaysAtTreasuryForCrossServicingAmount'),(165,'Delinquencies_1to180_DaysAtTreasuryForOffsetAmount'),(166,'Delinquencies_1to180_DaysInBankruptcyAmount'),(167,'Delinquencies_1to180_DaysInForbearanceOrInFormalAppealsProcessAmount'),(168,'Delinquencies_1to180_DaysInForeclosureAmount'),(169,'Delinquencies_1to180_DaysInLitigationAt_DOJ_OrAgencyCounselAmount'),(170,'Delinquencies_1to180_DaysInProcessOfInternalOffsetAmount'),(171,'Delinquencies_1to180_DaysInWageGarnishmentAmount'),(172,'Delinquencies_1to180_DaysOtherAmount'),(173,'Delinquencies_1to180_DaysOtherAmountNoteText'),(174,'Delinquencies_1to180_DaysOtherNumberNoteText'),(175,'Delinquencies_1to180_DaysTotalAmount'),(176,'DelinquenciesByCategoryTotalAmount'),(177,'DelinquencyDate'),(178,'Delinquent_181to365_DaysAmount'),(179,'Delinquent_1to2_YearsAmount'),(180,'Delinquent_1to90_DaysAmount'),(181,'Delinquent_2to6_YearsAmount'),(182,'Delinquent_6to10_YearsAmount'),(183,'Delinquent_91to180_DaysAmount'),(184,'DelinquentCommericalAmount'),(185,'DelinquentConsumerAmount'),(186,'DelinquentForeignSovereignGovernmentAmount'),(187,'DelinquentOver10YearsAmount'),(188,'DelinquentStateAndLocalGovernmentAmount'),(189,'DemandLetterRecipientCode'),(190,'DisabilityWaiverDeniedIndicator'),(191,'DisbursingOfficeSymbol'),(192,'DissolutionDate'),(193,'DocumentReferenceNumber'),(194,'ExceptionTypeCode '),(195,'ExchangeNonExchangeCode'),(196,'ExpectedFundsAvailableDate'),(197,'FederalNonFederalCode'),(198,'FinancialReceiptCode'),(199,'FinancialReportEntityCode'),(200,'FinancialReportingDetail'),(201,'FinancingAccountCode'),(202,'FirstYearIndicator'),(203,'FiscalServiceTaxClassCode'),(204,'FiscalYear'),(205,'FMS_OrganizationCode'),(206,'ForecastSummaryIdentifier'),(207,'ForeclosureIndicator'),(208,'ForeignCurrencyAmount'),(209,'ForeignCurrencyDetail'),(210,'ForeignPostalCode'),(211,'FundBalanceWithTreasuryAmount'),(212,'FundingClauses'),(213,'FundingLineNumber'),(214,'FundsAvailableDate'),(215,'GatewayReceiptDate'),(216,'GroupIdentifier'),(217,'GTAS_FundTypeCode'),(218,'GTC_Number'),(219,'InitialAdministrativeCostsAmount'),(220,'InitialInterestAmount'),(221,'InitialInterestTypeCode'),(222,'InitialPenaltyAmount'),(223,'InitialPrincipalAmount'),(224,'InputSystem'),(225,'IntegratedAgencyInterface'),(226,'InterchangeAdjustmentAmountSignIndicator'),(227,'InterchangeAdjustmentReasonCode'),(228,'InterestRatePercent'),(229,'InternalOrganizationCode'),(230,'IntragovernmentalIndicator'),(231,'IntraGovernmentalReferenceNumber'),(232,'IntraGovernmentalTransactionDate'),(233,'InvoiceAcceptedDate'),(234,'InvoiceDate'),(235,'InvoiceLineNumber'),(236,'InvoiceNumber'),(237,'InvoiceQuantity'),(238,'InvoiceStatusCode'),(239,'IRS_TaxIndicator'),(240,'IsDepositTicket'),(241,'IsNonDomestic'),(242,'IsValidAccountSymbol'),(243,'IsVoidedCheck'),(244,'JudgementDate'),(245,'JudgmentOrNonJudgmentCode'),(246,'LastDebtorContactDate'),(247,'LastInterestCalculationDate'),(248,'LastPaymentAmountPriorToReferral'),(249,'LastPaymentDatePriorToReferral'),(250,'LastPenaltyCalculationDate'),(251,'LegalTransactionAmount'),(252,'NationalBankID'),(253,'NetOutlaysAmount'),(254,'NonDomesticBankIndicator'),(255,'NormalBalanceIndicator'),(256,'NotificationOfChangeUpdateResults'),(257,'OffsetAmount'),(258,'OffsetNotificationDate'),(259,'OffsetTraceIdentifier'),(260,'OrderEndDate'),(261,'OrderModificationNumber'),(262,'OrderNumber'),(263,'OrderScheduleNumber'),(264,'OrderStartDate'),(265,'OrderStatusCode'),(266,'OrderTrackingIdentifier'),(267,'OriginalAgencyTransactionIdentifier'),(268,'OriginalBankPostingDate'),(269,'OriginalDebtAmount'),(270,'OriginalFinancialTransactionReference'),(271,'OriginalPaymentReference'),(272,'OriginalPaymentTransTypeCode'),(273,'OriginalRecordedAmount'),(274,'OriginalScheduleReference'),(275,'OriginalSummary'),(276,'OriginalSummaryReference'),(277,'OriginatingAgency'),(278,'OriginatingReversalTransactionIdentifier'),(279,'OriginatingTransactionIdentifier'),(280,'OverridePaymentSourceCode'),(281,'PartyIdentifier'),(282,'PartyName'),(283,'PartyType'),(284,'PartyTypeCode'),(285,'Payer'),(286,'PayerAccountType'),(287,'PaymentBypassCode'),(288,'PaymentDate'),(289,'PaymentDetail'),(290,'PaymentDueDate'),(291,'PaymentOverrideAmount'),(292,'PaymentOverridePercent'),(293,'PaymentReporting'),(294,'PaymentReportingBatch'),(295,'PenaltyRatePercent'),(296,'PostalCode'),(297,'PostalCodeExtension'),(298,'PostNetBarcodeDeliveryPoint'),(299,'PriorYearAdjustmentCode'),(300,'ProcurementInstrumentIdentifier'),(301,'ProductServiceDescription'),(302,'ProgramIndicator'),(303,'ProgramReportCategoryCode'),(304,'ProgramTraceIdentifier'),(305,'PropertyDescription'),(306,'PropertyType'),(307,'PublicMoneySymbolNumber'),(308,'ReceiptMechanismCode'),(309,'ReceiptsFromDate'),(310,'ReceiptsToDate'),(311,'ReceivablesAndCollectionsAccrualsAmount'),(312,'ReceivablesAndCollectionsAdjustmentAmount'),(313,'ReceivablesAndCollectionsAdjustmentConsolidationAmount'),(314,'ReceivablesAndCollectionsAdjustmentsDueToSaleOfAssetsAmount'),(315,'ReceivablesAndCollectionsAdjustmentWrittenOffDebtsReinstatedForCollectionAmount'),(316,'ReceivablesAndCollectionsBeginningFiscalYearBalanceAmount'),(317,'ReceivablesAndCollectionsCurrentlyNotCollectibleAmount'),(318,'ReceivablesAndCollectionsEndingBalanceAmount'),(319,'ReceivablesAndCollectionsForeclosureAdjustmentAmount'),(320,'ReceivablesAndCollectionsNewReceivablesAmount'),(321,'ReceivablesAndCollectionsNewReceivablesNumber'),(322,'ReceivablesAndCollectionsReclassifiedOrAdjustedAmount'),(323,'ReceivablesAndCollectionsReclassifiedOrAdjustedAmountNoteText'),(324,'ReceivablesAndCollectionsWrittenOffAmount'),(325,'ReceivablesAndCollectionsWrittenOffAndClosedOutAmount'),(326,'ReceivablesAndCollectionsWrittenOffAndClosedOutNumber'),(327,'ReceivablesAndCollectionsWrittenOffNumber'),(328,'ReceivablesReportAgencyCode'),(329,'ReceivablesReportBureauCode'),(330,'ReceivablesTypeCode'),(331,'RecurringFrequencyCode'),(332,'ReferredDebtBalanceAmount'),(333,'RegionName'),(334,'ReimbursableFlagIndicator'),(335,'RelationshipToPrimaryDebtorCode'),(336,'ReportedBankActivity'),(337,'ReportedToCreditBureauDate'),(338,'ReportedToIRS_OnForm_1099C_Amount'),(339,'ReportedToIRS_OnForm_1099C_Number'),(340,'ReportingCode '),(341,'ReportingDetail '),(342,'ReportingEntityCode'),(343,'ReportingFinancialReportingEntityCode'),(344,'ReportingPeriod'),(345,'ReportingProgramName'),(346,'ReportingStatusTimestamp'),(347,'ReportingSubprogramName'),(348,'ReportingSummary'),(349,'ReportingTransactionEffectiveDate'),(350,'ReportingTypeCode'),(351,'ReversalAmount'),(352,'ReversalNotificationDate'),(353,'ServiceClassCode '),(354,'ServicedAgency'),(355,'ServiceEndDate'),(356,'ServiceStartDate'),(357,'ServiceTypeCode'),(358,'SettlementReceiptDate'),(359,'SettlementStatusCode'),(360,'SortCode'),(361,'StateCode'),(362,'StatuteOfLimitationsExpirationDate'),(363,'SubAccountRoutingNumber'),(364,'Sub-levelPrefixCode'),(365,'SubmitterDetail'),(366,'SubsetOfEndingBalanceInterestAndLateChargesAmount'),(367,'SubsetOfEndingBalanceRescheduledDebtDelinquentAmount'),(368,'SubsetOfEndingBalanceRescheduledDebtNonDelinquentAmount'),(369,'SubsetOfEndingBalanceRescheduledDebtNonDelinquentNumber'),(370,'SubsetOfEndingBalanceStateAndLocalGovernmentAmount'),(371,'SubsetOfEndingBalanceStateAndLocalGovernmentNumber'),(372,'SummaryAccountingDate'),(373,'SummaryBankInfo'),(374,'SummaryID'),(375,'SummaryNumber'),(376,'TAS_AccountTypeCode'),(377,'TAS_StatusCode'),(378,'TAS_StatusTransitioningCode'),(379,'TaxableAmount'),(380,'TaxCategory'),(381,'TIN'),(382,'TIN_Code'),(383,'TOP_Data'),(384,'TotalAmount'),(385,'TotalCreditAmount'),(386,'TotalDebitAmount'),(387,'TotalDirectCostAmount'),(388,'TotalEstimatedAmount'),(389,'TotalFeeAmount'),(390,'TotalNetCollectionAmount'),(391,'TotalOverheadFeesChargesAmount'),(392,'TradingPartnerAgencyIdentifier'),(393,'TradingPartnerMainAccountCode'),(394,'TransactionIdentificationDate'),(395,'TransferAmount'),(396,'TransferSummaryIdentifier'),(397,'TreasuryAccountSymbol'),(398,'TreasuryReportOnReceivablesAndDebtCollectionActivities'),(399,'UnitOfMeasureCode'),(400,'USPS_IntelligentMailBarCode'),(401,'USSGL_AccountNumber'),(402,'VendorID'),(403,'VoucherDate'),(404,'VoucherIdentifier'),(405,'VoucherNumber'),(406,'WirePayeeBankInfo'),(407,'WireReporting'),(408,'WrittenOffIndicator'),(409,'YearOfBudgetAuthorityIndicator');
/*!40000 ALTER TABLE `dataElementLabel` ENABLE KEYS */;
UNLOCK TABLES;
/*!40103 SET TIME_ZONE=@OLD_TIME_ZONE */;

/*!40101 SET SQL_MODE=@OLD_SQL_MODE */;
/*!40014 SET FOREIGN_KEY_CHECKS=@OLD_FOREIGN_KEY_CHECKS */;
/*!40014 SET UNIQUE_CHECKS=@OLD_UNIQUE_CHECKS */;
/*!40101 SET CHARACTER_SET_CLIENT=@OLD_CHARACTER_SET_CLIENT */;
/*!40101 SET CHARACTER_SET_RESULTS=@OLD_CHARACTER_SET_RESULTS */;
/*!40101 SET COLLATION_CONNECTION=@OLD_COLLATION_CONNECTION */;
/*!40111 SET SQL_NOTES=@OLD_SQL_NOTES */;

-- Dump completed on 2018-07-04 16:48:11
